run_id,manifest_path,model,task_id,family,status,official_process,official_result,official_comment,metric_source,grade_result_path,query_path
20260401-open8gpu-fullbench-v4-gpu00,/mnt/bn/xsc-f1526e9f/yongkang/workspace/_codex/experiments/agent_law_gittaskbench_runs/20260401-open8gpu-fullbench-v4-gpu00/run_manifest.json,Qwen__Qwen2.5-7B-Instruct,AnimeGANv3_01,AnimeGANv3,failed_before_grading,False,False,,implicit_failed_before_grading,,/mnt/bn/xsc-f1526e9f/yongkang/workspace/external/agent_laws/GitTaskBench/queries/AnimeGANv3_01/query.json
20260401-open8gpu-fullbench-v4-gpu00,/mnt/bn/xsc-f1526e9f/yongkang/workspace/_codex/experiments/agent_law_gittaskbench_runs/20260401-open8gpu-fullbench-v4-gpu00/run_manifest.json,Qwen__Qwen2.5-7B-Instruct,AnimeGANv3_02,AnimeGANv3,failed_before_grading,False,False,,implicit_failed_before_grading,,/mnt/bn/xsc-f1526e9f/yongkang/workspace/external/agent_laws/GitTaskBench/queries/AnimeGANv3_02/query.json
20260401-open8gpu-fullbench-v4-gpu00,/mnt/bn/xsc-f1526e9f/yongkang/workspace/_codex/experiments/agent_law_gittaskbench_runs/20260401-open8gpu-fullbench-v4-gpu00/run_manifest.json,Qwen__Qwen2.5-7B-Instruct,AnimeGANv3_03,AnimeGANv3,failed_before_grading,False,False,,implicit_failed_before_grading,,/mnt/bn/xsc-f1526e9f/yongkang/workspace/external/agent_laws/GitTaskBench/queries/AnimeGANv3_03/query.json
20260401-open8gpu-fullbench-v4-gpu00,/mnt/bn/xsc-f1526e9f/yongkang/workspace/_codex/experiments/agent_law_gittaskbench_runs/20260401-open8gpu-fullbench-v4-gpu00/run_manifest.json,Qwen__Qwen2.5-7B-Instruct,DeOldify_01,DeOldify,failed_before_grading,False,False,,implicit_failed_before_grading,,/mnt/bn/xsc-f1526e9f/yongkang/workspace/external/agent_laws/GitTaskBench/queries/DeOldify_01/query.json
20260401-open8gpu-fullbench-v4-gpu00,/mnt/bn/xsc-f1526e9f/yongkang/workspace/_codex/experiments/agent_law_gittaskbench_runs/20260401-open8gpu-fullbench-v4-gpu00/run_manifest.json,Qwen__Qwen2.5-7B-Instruct,DeOldify_02,DeOldify,failed_before_grading,False,False,,implicit_failed_before_grading,,/mnt/bn/xsc-f1526e9f/yongkang/workspace/external/agent_laws/GitTaskBench/queries/DeOldify_02/query.json
20260401-open8gpu-fullbench-v4-gpu00,/mnt/bn/xsc-f1526e9f/yongkang/workspace/_codex/experiments/agent_law_gittaskbench_runs/20260401-open8gpu-fullbench-v4-gpu00/run_manifest.json,Qwen__Qwen2.5-7B-Instruct,DeOldify_03,DeOldify,failed_before_grading,False,False,,implicit_failed_before_grading,,/mnt/bn/xsc-f1526e9f/yongkang/workspace/external/agent_laws/GitTaskBench/queries/DeOldify_03/query.json
20260401-open8gpu-fullbench-v4-gpu00,/mnt/bn/xsc-f1526e9f/yongkang/workspace/_codex/experiments/agent_law_gittaskbench_runs/20260401-open8gpu-fullbench-v4-gpu00/run_manifest.json,Qwen__Qwen2.5-7B-Instruct,DeScratch_01,DeScratch,failed_before_grading,False,False,,implicit_failed_before_grading,,/mnt/bn/xsc-f1526e9f/yongkang/workspace/external/agent_laws/GitTaskBench/queries/DeScratch_01/query.json
20260401-open8gpu-fullbench-v4-gpu00,/mnt/bn/xsc-f1526e9f/yongkang/workspace/_codex/experiments/agent_law_gittaskbench_runs/20260401-open8gpu-fullbench-v4-gpu00/run_manifest.json,Qwen__Qwen2.5-7B-Instruct,DeScratch_02,DeScratch,failed_before_grading,False,False,,implicit_failed_before_grading,,/mnt/bn/xsc-f1526e9f/yongkang/workspace/external/agent_laws/GitTaskBench/queries/DeScratch_02/query.json
20260401-open8gpu-fullbench-v4-gpu00,/mnt/bn/xsc-f1526e9f/yongkang/workspace/_codex/experiments/agent_law_gittaskbench_runs/20260401-open8gpu-fullbench-v4-gpu00/run_manifest.json,Qwen__Qwen2.5-7B-Instruct,DeScratch_03,DeScratch,failed_before_grading,False,False,,implicit_failed_before_grading,,/mnt/bn/xsc-f1526e9f/yongkang/workspace/external/agent_laws/GitTaskBench/queries/DeScratch_03/query.json
20260401-open8gpu-fullbench-v4-gpu00,/mnt/bn/xsc-f1526e9f/yongkang/workspace/_codex/experiments/agent_law_gittaskbench_runs/20260401-open8gpu-fullbench-v4-gpu00/run_manifest.json,Qwen__Qwen2.5-7B-Instruct,Eparse_01,Eparse,failed_before_grading,False,False,,implicit_failed_before_grading,,/mnt/bn/xsc-f1526e9f/yongkang/workspace/external/agent_laws/GitTaskBench/queries/Eparse_01/query.json
20260401-open8gpu-fullbench-v4-gpu00,/mnt/bn/xsc-f1526e9f/yongkang/workspace/_codex/experiments/agent_law_gittaskbench_runs/20260401-open8gpu-fullbench-v4-gpu00/run_manifest.json,Qwen__Qwen2.5-7B-Instruct,Eparse_02,Eparse,failed_before_grading,False,False,,implicit_failed_before_grading,,/mnt/bn/xsc-f1526e9f/yongkang/workspace/external/agent_laws/GitTaskBench/queries/Eparse_02/query.json
20260401-open8gpu-fullbench-v4-gpu00,/mnt/bn/xsc-f1526e9f/yongkang/workspace/_codex/experiments/agent_law_gittaskbench_runs/20260401-open8gpu-fullbench-v4-gpu00/run_manifest.json,Qwen__Qwen2.5-7B-Instruct,Eparse_03,Eparse,failed_before_grading,False,False,,implicit_failed_before_grading,,/mnt/bn/xsc-f1526e9f/yongkang/workspace/external/agent_laws/GitTaskBench/queries/Eparse_03/query.json
20260401-open8gpu-fullbench-v4-gpu00,/mnt/bn/xsc-f1526e9f/yongkang/workspace/_codex/experiments/agent_law_gittaskbench_runs/20260401-open8gpu-fullbench-v4-gpu00/run_manifest.json,Qwen__Qwen2.5-7B-Instruct,Faker_01,Faker,failed_before_grading,False,False,,implicit_failed_before_grading,,/mnt/bn/xsc-f1526e9f/yongkang/workspace/external/agent_laws/GitTaskBench/queries/Faker_01/query.json
20260401-open8gpu-fullbench-v4-gpu00,/mnt/bn/xsc-f1526e9f/yongkang/workspace/_codex/experiments/agent_law_gittaskbench_runs/20260401-open8gpu-fullbench-v4-gpu00/run_manifest.json,Qwen__Qwen2.5-7B-Instruct,Faker_02,Faker,failed_before_grading,False,False,,implicit_failed_before_grading,,/mnt/bn/xsc-f1526e9f/yongkang/workspace/external/agent_laws/GitTaskBench/queries/Faker_02/query.json
20260401-open8gpu-fullbench-v4-gpu00,/mnt/bn/xsc-f1526e9f/yongkang/workspace/_codex/experiments/agent_law_gittaskbench_runs/20260401-open8gpu-fullbench-v4-gpu00/run_manifest.json,Qwen__Qwen2.5-7B-Instruct,Faker_03,Faker,failed_before_grading,False,False,,implicit_failed_before_grading,,/mnt/bn/xsc-f1526e9f/yongkang/workspace/external/agent_laws/GitTaskBench/queries/Faker_03/query.json
20260401-open8gpu-fullbench-v4-gpu00,/mnt/bn/xsc-f1526e9f/yongkang/workspace/_codex/experiments/agent_law_gittaskbench_runs/20260401-open8gpu-fullbench-v4-gpu00/run_manifest.json,Qwen__Qwen2.5-7B-Instruct,FunASR_01,FunASR,failed_before_grading,False,False,,implicit_failed_before_grading,,/mnt/bn/xsc-f1526e9f/yongkang/workspace/external/agent_laws/GitTaskBench/queries/FunASR_01/query.json
20260401-open8gpu-fullbench-v4-gpu00,/mnt/bn/xsc-f1526e9f/yongkang/workspace/_codex/experiments/agent_law_gittaskbench_runs/20260401-open8gpu-fullbench-v4-gpu00/run_manifest.json,Qwen__Qwen2.5-7B-Instruct,FunASR_02,FunASR,failed_before_grading,False,False,,implicit_failed_before_grading,,/mnt/bn/xsc-f1526e9f/yongkang/workspace/external/agent_laws/GitTaskBench/queries/FunASR_02/query.json
20260401-open8gpu-fullbench-v4-gpu00,/mnt/bn/xsc-f1526e9f/yongkang/workspace/_codex/experiments/agent_law_gittaskbench_runs/20260401-open8gpu-fullbench-v4-gpu00/run_manifest.json,Qwen__Qwen2.5-7B-Instruct,FunASR_03,FunASR,failed_before_grading,False,False,,implicit_failed_before_grading,,/mnt/bn/xsc-f1526e9f/yongkang/workspace/external/agent_laws/GitTaskBench/queries/FunASR_03/query.json
20260401-open8gpu-fullbench-v4-gpu00,/mnt/bn/xsc-f1526e9f/yongkang/workspace/_codex/experiments/agent_law_gittaskbench_runs/20260401-open8gpu-fullbench-v4-gpu00/run_manifest.json,Qwen__Qwen2.5-7B-Instruct,InvisibleWatermark_01,InvisibleWatermark,failed_before_grading,False,False,,implicit_failed_before_grading,,/mnt/bn/xsc-f1526e9f/yongkang/workspace/external/agent_laws/GitTaskBench/queries/InvisibleWatermark_01/query.json
20260401-open8gpu-fullbench-v4-gpu00,/mnt/bn/xsc-f1526e9f/yongkang/workspace/_codex/experiments/agent_law_gittaskbench_runs/20260401-open8gpu-fullbench-v4-gpu00/run_manifest.json,Qwen__Qwen2.5-7B-Instruct,InvisibleWatermark_02,InvisibleWatermark,failed_before_grading,False,False,,implicit_failed_before_grading,,/mnt/bn/xsc-f1526e9f/yongkang/workspace/external/agent_laws/GitTaskBench/queries/InvisibleWatermark_02/query.json
20260401-open8gpu-fullbench-v4-gpu00,/mnt/bn/xsc-f1526e9f/yongkang/workspace/_codex/experiments/agent_law_gittaskbench_runs/20260401-open8gpu-fullbench-v4-gpu00/run_manifest.json,Qwen__Qwen2.5-7B-Instruct,InvisibleWatermark_03,InvisibleWatermark,failed_before_grading,False,False,,implicit_failed_before_grading,,/mnt/bn/xsc-f1526e9f/yongkang/workspace/external/agent_laws/GitTaskBench/queries/InvisibleWatermark_03/query.json
20260401-open8gpu-fullbench-v4-gpu00,/mnt/bn/xsc-f1526e9f/yongkang/workspace/_codex/experiments/agent_law_gittaskbench_runs/20260401-open8gpu-fullbench-v4-gpu00/run_manifest.json,Qwen__Qwen2.5-7B-Instruct,NeuroKit_01,NeuroKit,failed_before_grading,False,False,,implicit_failed_before_grading,,/mnt/bn/xsc-f1526e9f/yongkang/workspace/external/agent_laws/GitTaskBench/queries/NeuroKit_01/query.json
20260401-open8gpu-fullbench-v4-gpu00,/mnt/bn/xsc-f1526e9f/yongkang/workspace/_codex/experiments/agent_law_gittaskbench_runs/20260401-open8gpu-fullbench-v4-gpu00/run_manifest.json,Qwen__Qwen2.5-7B-Instruct,NeuroKit_02,NeuroKit,failed_before_grading,False,False,,implicit_failed_before_grading,,/mnt/bn/xsc-f1526e9f/yongkang/workspace/external/agent_laws/GitTaskBench/queries/NeuroKit_02/query.json
20260401-open8gpu-fullbench-v4-gpu00,/mnt/bn/xsc-f1526e9f/yongkang/workspace/_codex/experiments/agent_law_gittaskbench_runs/20260401-open8gpu-fullbench-v4-gpu00/run_manifest.json,Qwen__Qwen2.5-7B-Instruct,NeuroKit_03,NeuroKit,failed_before_grading,False,False,,implicit_failed_before_grading,,/mnt/bn/xsc-f1526e9f/yongkang/workspace/external/agent_laws/GitTaskBench/queries/NeuroKit_03/query.json
20260401-open8gpu-fullbench-v4-gpu00,/mnt/bn/xsc-f1526e9f/yongkang/workspace/_codex/experiments/agent_law_gittaskbench_runs/20260401-open8gpu-fullbench-v4-gpu00/run_manifest.json,Qwen__Qwen2.5-7B-Instruct,PDFPlumber_01,PDFPlumber,failed_before_grading,False,False,,implicit_failed_before_grading,,/mnt/bn/xsc-f1526e9f/yongkang/workspace/external/agent_laws/GitTaskBench/queries/PDFPlumber_01/query.json
20260401-open8gpu-fullbench-v4-gpu00,/mnt/bn/xsc-f1526e9f/yongkang/workspace/_codex/experiments/agent_law_gittaskbench_runs/20260401-open8gpu-fullbench-v4-gpu00/run_manifest.json,Qwen__Qwen2.5-7B-Instruct,PDFPlumber_02,PDFPlumber,failed_before_grading,False,False,,implicit_failed_before_grading,,/mnt/bn/xsc-f1526e9f/yongkang/workspace/external/agent_laws/GitTaskBench/queries/PDFPlumber_02/query.json
20260401-open8gpu-fullbench-v4-gpu00,/mnt/bn/xsc-f1526e9f/yongkang/workspace/_codex/experiments/agent_law_gittaskbench_runs/20260401-open8gpu-fullbench-v4-gpu00/run_manifest.json,Qwen__Qwen2.5-7B-Instruct,PDFPlumber_03,PDFPlumber,failed_before_grading,False,False,,implicit_failed_before_grading,,/mnt/bn/xsc-f1526e9f/yongkang/workspace/external/agent_laws/GitTaskBench/queries/PDFPlumber_03/query.json
20260401-open8gpu-fullbench-v4-gpu00,/mnt/bn/xsc-f1526e9f/yongkang/workspace/_codex/experiments/agent_law_gittaskbench_runs/20260401-open8gpu-fullbench-v4-gpu00/run_manifest.json,Qwen__Qwen2.5-7B-Instruct,PyPDF2_01,PyPDF2,failed_before_grading,False,False,,implicit_failed_before_grading,,/mnt/bn/xsc-f1526e9f/yongkang/workspace/external/agent_laws/GitTaskBench/queries/PyPDF2_01/query.json
20260401-open8gpu-fullbench-v4-gpu00,/mnt/bn/xsc-f1526e9f/yongkang/workspace/_codex/experiments/agent_law_gittaskbench_runs/20260401-open8gpu-fullbench-v4-gpu00/run_manifest.json,Qwen__Qwen2.5-7B-Instruct,PyPDF2_02,PyPDF2,failed_before_grading,False,False,,implicit_failed_before_grading,,/mnt/bn/xsc-f1526e9f/yongkang/workspace/external/agent_laws/GitTaskBench/queries/PyPDF2_02/query.json
20260401-open8gpu-fullbench-v4-gpu00,/mnt/bn/xsc-f1526e9f/yongkang/workspace/_codex/experiments/agent_law_gittaskbench_runs/20260401-open8gpu-fullbench-v4-gpu00/run_manifest.json,Qwen__Qwen2.5-7B-Instruct,PyPDF2_03,PyPDF2,failed_before_grading,False,False,,implicit_failed_before_grading,,/mnt/bn/xsc-f1526e9f/yongkang/workspace/external/agent_laws/GitTaskBench/queries/PyPDF2_03/query.json
20260401-open8gpu-fullbench-v4-gpu00,/mnt/bn/xsc-f1526e9f/yongkang/workspace/_codex/experiments/agent_law_gittaskbench_runs/20260401-open8gpu-fullbench-v4-gpu00/run_manifest.json,Qwen__Qwen2.5-7B-Instruct,Scrapy_01,Scrapy,failed_before_grading,False,False,,implicit_failed_before_grading,,/mnt/bn/xsc-f1526e9f/yongkang/workspace/external/agent_laws/GitTaskBench/queries/Scrapy_01/query.json
20260401-open8gpu-fullbench-v4-gpu00,/mnt/bn/xsc-f1526e9f/yongkang/workspace/_codex/experiments/agent_law_gittaskbench_runs/20260401-open8gpu-fullbench-v4-gpu00/run_manifest.json,Qwen__Qwen2.5-7B-Instruct,Scrapy_02,Scrapy,failed_before_grading,False,False,,implicit_failed_before_grading,,/mnt/bn/xsc-f1526e9f/yongkang/workspace/external/agent_laws/GitTaskBench/queries/Scrapy_02/query.json
20260401-open8gpu-fullbench-v4-gpu00,/mnt/bn/xsc-f1526e9f/yongkang/workspace/_codex/experiments/agent_law_gittaskbench_runs/20260401-open8gpu-fullbench-v4-gpu00/run_manifest.json,Qwen__Qwen2.5-7B-Instruct,Scrapy_03,Scrapy,failed_before_grading,False,False,,implicit_failed_before_grading,,/mnt/bn/xsc-f1526e9f/yongkang/workspace/external/agent_laws/GitTaskBench/queries/Scrapy_03/query.json
20260401-open8gpu-fullbench-v4-gpu00,/mnt/bn/xsc-f1526e9f/yongkang/workspace/_codex/experiments/agent_law_gittaskbench_runs/20260401-open8gpu-fullbench-v4-gpu00/run_manifest.json,Qwen__Qwen2.5-7B-Instruct,SpeechBrain_01,SpeechBrain,failed_before_grading,False,False,,implicit_failed_before_grading,,/mnt/bn/xsc-f1526e9f/yongkang/workspace/external/agent_laws/GitTaskBench/queries/SpeechBrain_01/query.json
20260401-open8gpu-fullbench-v4-gpu00,/mnt/bn/xsc-f1526e9f/yongkang/workspace/_codex/experiments/agent_law_gittaskbench_runs/20260401-open8gpu-fullbench-v4-gpu00/run_manifest.json,Qwen__Qwen2.5-7B-Instruct,SpeechBrain_02,SpeechBrain,failed_before_grading,False,False,,implicit_failed_before_grading,,/mnt/bn/xsc-f1526e9f/yongkang/workspace/external/agent_laws/GitTaskBench/queries/SpeechBrain_02/query.json
20260401-open8gpu-fullbench-v4-gpu00,/mnt/bn/xsc-f1526e9f/yongkang/workspace/_codex/experiments/agent_law_gittaskbench_runs/20260401-open8gpu-fullbench-v4-gpu00/run_manifest.json,Qwen__Qwen2.5-7B-Instruct,SpeechBrain_03,SpeechBrain,failed_before_grading,False,False,,implicit_failed_before_grading,,/mnt/bn/xsc-f1526e9f/yongkang/workspace/external/agent_laws/GitTaskBench/queries/SpeechBrain_03/query.json
20260401-open8gpu-fullbench-v4-gpu00,/mnt/bn/xsc-f1526e9f/yongkang/workspace/_codex/experiments/agent_law_gittaskbench_runs/20260401-open8gpu-fullbench-v4-gpu00/run_manifest.json,Qwen__Qwen2.5-7B-Instruct,SpeechBrain_04,SpeechBrain,failed_before_grading,False,False,,implicit_failed_before_grading,,/mnt/bn/xsc-f1526e9f/yongkang/workspace/external/agent_laws/GitTaskBench/queries/SpeechBrain_04/query.json
20260401-open8gpu-fullbench-v4-gpu00,/mnt/bn/xsc-f1526e9f/yongkang/workspace/_codex/experiments/agent_law_gittaskbench_runs/20260401-open8gpu-fullbench-v4-gpu00/run_manifest.json,Qwen__Qwen2.5-7B-Instruct,SpeechBrain_05,SpeechBrain,failed_before_grading,False,False,,implicit_failed_before_grading,,/mnt/bn/xsc-f1526e9f/yongkang/workspace/external/agent_laws/GitTaskBench/queries/SpeechBrain_05/query.json
20260401-open8gpu-fullbench-v4-gpu00,/mnt/bn/xsc-f1526e9f/yongkang/workspace/_codex/experiments/agent_law_gittaskbench_runs/20260401-open8gpu-fullbench-v4-gpu00/run_manifest.json,Qwen__Qwen2.5-7B-Instruct,Stegano_01,Stegano,failed_before_grading,False,False,,implicit_failed_before_grading,,/mnt/bn/xsc-f1526e9f/yongkang/workspace/external/agent_laws/GitTaskBench/queries/Stegano_01/query.json
20260401-open8gpu-fullbench-v4-gpu00,/mnt/bn/xsc-f1526e9f/yongkang/workspace/_codex/experiments/agent_law_gittaskbench_runs/20260401-open8gpu-fullbench-v4-gpu00/run_manifest.json,Qwen__Qwen2.5-7B-Instruct,Stegano_02,Stegano,failed_before_grading,False,False,,implicit_failed_before_grading,,/mnt/bn/xsc-f1526e9f/yongkang/workspace/external/agent_laws/GitTaskBench/queries/Stegano_02/query.json
20260401-open8gpu-fullbench-v4-gpu00,/mnt/bn/xsc-f1526e9f/yongkang/workspace/_codex/experiments/agent_law_gittaskbench_runs/20260401-open8gpu-fullbench-v4-gpu00/run_manifest.json,Qwen__Qwen2.5-7B-Instruct,Stegano_03,Stegano,failed_before_grading,False,False,,implicit_failed_before_grading,,/mnt/bn/xsc-f1526e9f/yongkang/workspace/external/agent_laws/GitTaskBench/queries/Stegano_03/query.json
20260401-open8gpu-fullbench-v4-gpu00,/mnt/bn/xsc-f1526e9f/yongkang/workspace/_codex/experiments/agent_law_gittaskbench_runs/20260401-open8gpu-fullbench-v4-gpu00/run_manifest.json,Qwen__Qwen2.5-7B-Instruct,StyleTransfer_01,StyleTransfer,failed_before_grading,False,False,,implicit_failed_before_grading,,/mnt/bn/xsc-f1526e9f/yongkang/workspace/external/agent_laws/GitTaskBench/queries/StyleTransfer_01/query.json
20260401-open8gpu-fullbench-v4-gpu00,/mnt/bn/xsc-f1526e9f/yongkang/workspace/_codex/experiments/agent_law_gittaskbench_runs/20260401-open8gpu-fullbench-v4-gpu00/run_manifest.json,Qwen__Qwen2.5-7B-Instruct,StyleTransfer_02,StyleTransfer,failed_before_grading,False,False,,implicit_failed_before_grading,,/mnt/bn/xsc-f1526e9f/yongkang/workspace/external/agent_laws/GitTaskBench/queries/StyleTransfer_02/query.json
20260401-open8gpu-fullbench-v4-gpu00,/mnt/bn/xsc-f1526e9f/yongkang/workspace/_codex/experiments/agent_law_gittaskbench_runs/20260401-open8gpu-fullbench-v4-gpu00/run_manifest.json,Qwen__Qwen2.5-7B-Instruct,StyleTransfer_03,StyleTransfer,failed_before_grading,False,False,,implicit_failed_before_grading,,/mnt/bn/xsc-f1526e9f/yongkang/workspace/external/agent_laws/GitTaskBench/queries/StyleTransfer_03/query.json
20260401-open8gpu-fullbench-v4-gpu00,/mnt/bn/xsc-f1526e9f/yongkang/workspace/_codex/experiments/agent_law_gittaskbench_runs/20260401-open8gpu-fullbench-v4-gpu00/run_manifest.json,Qwen__Qwen2.5-7B-Instruct,SuperResolution_01,SuperResolution,failed_before_grading,False,False,,implicit_failed_before_grading,,/mnt/bn/xsc-f1526e9f/yongkang/workspace/external/agent_laws/GitTaskBench/queries/SuperResolution_01/query.json
20260401-open8gpu-fullbench-v4-gpu00,/mnt/bn/xsc-f1526e9f/yongkang/workspace/_codex/experiments/agent_law_gittaskbench_runs/20260401-open8gpu-fullbench-v4-gpu00/run_manifest.json,Qwen__Qwen2.5-7B-Instruct,SuperResolution_02,SuperResolution,failed_before_grading,False,False,,implicit_failed_before_grading,,/mnt/bn/xsc-f1526e9f/yongkang/workspace/external/agent_laws/GitTaskBench/queries/SuperResolution_02/query.json
20260401-open8gpu-fullbench-v4-gpu00,/mnt/bn/xsc-f1526e9f/yongkang/workspace/_codex/experiments/agent_law_gittaskbench_runs/20260401-open8gpu-fullbench-v4-gpu00/run_manifest.json,Qwen__Qwen2.5-7B-Instruct,SuperResolution_03,SuperResolution,failed_before_grading,False,False,,implicit_failed_before_grading,,/mnt/bn/xsc-f1526e9f/yongkang/workspace/external/agent_laws/GitTaskBench/queries/SuperResolution_03/query.json
20260401-open8gpu-fullbench-v4-gpu00,/mnt/bn/xsc-f1526e9f/yongkang/workspace/_codex/experiments/agent_law_gittaskbench_runs/20260401-open8gpu-fullbench-v4-gpu00/run_manifest.json,Qwen__Qwen2.5-7B-Instruct,Trafilatura_01,Trafilatura,failed_before_grading,False,False,,implicit_failed_before_grading,,/mnt/bn/xsc-f1526e9f/yongkang/workspace/external/agent_laws/GitTaskBench/queries/Trafilatura_01/query.json
20260401-open8gpu-fullbench-v4-gpu00,/mnt/bn/xsc-f1526e9f/yongkang/workspace/_codex/experiments/agent_law_gittaskbench_runs/20260401-open8gpu-fullbench-v4-gpu00/run_manifest.json,Qwen__Qwen2.5-7B-Instruct,Trafilatura_02,Trafilatura,failed_before_grading,False,False,,implicit_failed_before_grading,,/mnt/bn/xsc-f1526e9f/yongkang/workspace/external/agent_laws/GitTaskBench/queries/Trafilatura_02/query.json
20260401-open8gpu-fullbench-v4-gpu00,/mnt/bn/xsc-f1526e9f/yongkang/workspace/_codex/experiments/agent_law_gittaskbench_runs/20260401-open8gpu-fullbench-v4-gpu00/run_manifest.json,Qwen__Qwen2.5-7B-Instruct,Trafilatura_03,Trafilatura,failed_before_grading,False,False,,implicit_failed_before_grading,,/mnt/bn/xsc-f1526e9f/yongkang/workspace/external/agent_laws/GitTaskBench/queries/Trafilatura_03/query.json
20260401-open8gpu-fullbench-v4-gpu00,/mnt/bn/xsc-f1526e9f/yongkang/workspace/_codex/experiments/agent_law_gittaskbench_runs/20260401-open8gpu-fullbench-v4-gpu00/run_manifest.json,Qwen__Qwen2.5-7B-Instruct,TransparentBackground_01,TransparentBackground,failed_before_grading,False,False,,implicit_failed_before_grading,,/mnt/bn/xsc-f1526e9f/yongkang/workspace/external/agent_laws/GitTaskBench/queries/TransparentBackground_01/query.json
20260401-open8gpu-fullbench-v4-gpu00,/mnt/bn/xsc-f1526e9f/yongkang/workspace/_codex/experiments/agent_law_gittaskbench_runs/20260401-open8gpu-fullbench-v4-gpu00/run_manifest.json,Qwen__Qwen2.5-7B-Instruct,TransparentBackground_02,TransparentBackground,failed_before_grading,False,False,,implicit_failed_before_grading,,/mnt/bn/xsc-f1526e9f/yongkang/workspace/external/agent_laws/GitTaskBench/queries/TransparentBackground_02/query.json
20260401-open8gpu-fullbench-v4-gpu00,/mnt/bn/xsc-f1526e9f/yongkang/workspace/_codex/experiments/agent_law_gittaskbench_runs/20260401-open8gpu-fullbench-v4-gpu00/run_manifest.json,Qwen__Qwen2.5-7B-Instruct,TransparentBackground_03,TransparentBackground,failed_before_grading,False,False,,implicit_failed_before_grading,,/mnt/bn/xsc-f1526e9f/yongkang/workspace/external/agent_laws/GitTaskBench/queries/TransparentBackground_03/query.json
20260401-open8gpu-fullbench-v4-gpu00,/mnt/bn/xsc-f1526e9f/yongkang/workspace/_codex/experiments/agent_law_gittaskbench_runs/20260401-open8gpu-fullbench-v4-gpu00/run_manifest.json,Qwen__Qwen2.5-7B-Instruct,VideoPose3D_01,VideoPose3D,failed_before_grading,False,False,,implicit_failed_before_grading,,/mnt/bn/xsc-f1526e9f/yongkang/workspace/external/agent_laws/GitTaskBench/queries/VideoPose3D_01/query.json
20260401-open8gpu-fullbench-v4-gpu01,/mnt/bn/xsc-f1526e9f/yongkang/workspace/_codex/experiments/agent_law_gittaskbench_runs/20260401-open8gpu-fullbench-v4-gpu01/run_manifest.json,Qwen2.5-14B-Instruct,AnimeGANv3_01,AnimeGANv3,failed_before_grading,False,False,,implicit_failed_before_grading,,/mnt/bn/xsc-f1526e9f/yongkang/workspace/external/agent_laws/GitTaskBench/queries/AnimeGANv3_01/query.json
20260401-open8gpu-fullbench-v4-gpu01,/mnt/bn/xsc-f1526e9f/yongkang/workspace/_codex/experiments/agent_law_gittaskbench_runs/20260401-open8gpu-fullbench-v4-gpu01/run_manifest.json,Qwen2.5-14B-Instruct,AnimeGANv3_02,AnimeGANv3,failed_before_grading,False,False,,implicit_failed_before_grading,,/mnt/bn/xsc-f1526e9f/yongkang/workspace/external/agent_laws/GitTaskBench/queries/AnimeGANv3_02/query.json
20260401-open8gpu-fullbench-v4-gpu01,/mnt/bn/xsc-f1526e9f/yongkang/workspace/_codex/experiments/agent_law_gittaskbench_runs/20260401-open8gpu-fullbench-v4-gpu01/run_manifest.json,Qwen2.5-14B-Instruct,AnimeGANv3_03,AnimeGANv3,failed_before_grading,False,False,,implicit_failed_before_grading,,/mnt/bn/xsc-f1526e9f/yongkang/workspace/external/agent_laws/GitTaskBench/queries/AnimeGANv3_03/query.json
20260401-open8gpu-fullbench-v4-gpu01,/mnt/bn/xsc-f1526e9f/yongkang/workspace/_codex/experiments/agent_law_gittaskbench_runs/20260401-open8gpu-fullbench-v4-gpu01/run_manifest.json,Qwen2.5-14B-Instruct,DeOldify_01,DeOldify,failed_before_grading,False,False,,implicit_failed_before_grading,,/mnt/bn/xsc-f1526e9f/yongkang/workspace/external/agent_laws/GitTaskBench/queries/DeOldify_01/query.json
20260401-open8gpu-fullbench-v4-gpu01,/mnt/bn/xsc-f1526e9f/yongkang/workspace/_codex/experiments/agent_law_gittaskbench_runs/20260401-open8gpu-fullbench-v4-gpu01/run_manifest.json,Qwen2.5-14B-Instruct,DeOldify_02,DeOldify,failed_before_grading,False,False,,implicit_failed_before_grading,,/mnt/bn/xsc-f1526e9f/yongkang/workspace/external/agent_laws/GitTaskBench/queries/DeOldify_02/query.json
20260401-open8gpu-fullbench-v4-gpu01,/mnt/bn/xsc-f1526e9f/yongkang/workspace/_codex/experiments/agent_law_gittaskbench_runs/20260401-open8gpu-fullbench-v4-gpu01/run_manifest.json,Qwen2.5-14B-Instruct,DeOldify_03,DeOldify,failed_before_grading,False,False,,implicit_failed_before_grading,,/mnt/bn/xsc-f1526e9f/yongkang/workspace/external/agent_laws/GitTaskBench/queries/DeOldify_03/query.json
20260401-open8gpu-fullbench-v4-gpu01,/mnt/bn/xsc-f1526e9f/yongkang/workspace/_codex/experiments/agent_law_gittaskbench_runs/20260401-open8gpu-fullbench-v4-gpu01/run_manifest.json,Qwen2.5-14B-Instruct,DeScratch_01,DeScratch,failed_before_grading,False,False,,implicit_failed_before_grading,,/mnt/bn/xsc-f1526e9f/yongkang/workspace/external/agent_laws/GitTaskBench/queries/DeScratch_01/query.json
20260401-open8gpu-fullbench-v4-gpu01,/mnt/bn/xsc-f1526e9f/yongkang/workspace/_codex/experiments/agent_law_gittaskbench_runs/20260401-open8gpu-fullbench-v4-gpu01/run_manifest.json,Qwen2.5-14B-Instruct,DeScratch_02,DeScratch,failed_before_grading,False,False,,implicit_failed_before_grading,,/mnt/bn/xsc-f1526e9f/yongkang/workspace/external/agent_laws/GitTaskBench/queries/DeScratch_02/query.json
20260401-open8gpu-fullbench-v4-gpu01,/mnt/bn/xsc-f1526e9f/yongkang/workspace/_codex/experiments/agent_law_gittaskbench_runs/20260401-open8gpu-fullbench-v4-gpu01/run_manifest.json,Qwen2.5-14B-Instruct,DeScratch_03,DeScratch,failed_before_grading,False,False,,implicit_failed_before_grading,,/mnt/bn/xsc-f1526e9f/yongkang/workspace/external/agent_laws/GitTaskBench/queries/DeScratch_03/query.json
20260401-open8gpu-fullbench-v4-gpu01,/mnt/bn/xsc-f1526e9f/yongkang/workspace/_codex/experiments/agent_law_gittaskbench_runs/20260401-open8gpu-fullbench-v4-gpu01/run_manifest.json,Qwen2.5-14B-Instruct,Eparse_01,Eparse,failed_before_grading,False,False,,implicit_failed_before_grading,,/mnt/bn/xsc-f1526e9f/yongkang/workspace/external/agent_laws/GitTaskBench/queries/Eparse_01/query.json
20260401-open8gpu-fullbench-v4-gpu01,/mnt/bn/xsc-f1526e9f/yongkang/workspace/_codex/experiments/agent_law_gittaskbench_runs/20260401-open8gpu-fullbench-v4-gpu01/run_manifest.json,Qwen2.5-14B-Instruct,Eparse_02,Eparse,graded,True,True,✅ Test passed! Content match rate=1.0000 ≥ 0.7. Matched fields: 480/480,grade_summary,/mnt/bn/xsc-f1526e9f/yongkang/workspace/_codex/experiments/agent_law_gittaskbench_runs/20260401-open8gpu-fullbench-v4-gpu01/__mnt__bn__xsc-f1526e9f__yongkang__workspace__hf_models__Qwen2.5-14B-Instruct/Eparse_02/grade/Eparse_02/result.jsonl,/mnt/bn/xsc-f1526e9f/yongkang/workspace/external/agent_laws/GitTaskBench/queries/Eparse_02/query.json
20260401-open8gpu-fullbench-v4-gpu01,/mnt/bn/xsc-f1526e9f/yongkang/workspace/_codex/experiments/agent_law_gittaskbench_runs/20260401-open8gpu-fullbench-v4-gpu01/run_manifest.json,Qwen2.5-14B-Instruct,Eparse_03,Eparse,graded_failed,True,False,❌ Evaluation process error: 'list' object has no attribute 'get',grade_summary,/mnt/bn/xsc-f1526e9f/yongkang/workspace/_codex/experiments/agent_law_gittaskbench_runs/20260401-open8gpu-fullbench-v4-gpu01/__mnt__bn__xsc-f1526e9f__yongkang__workspace__hf_models__Qwen2.5-14B-Instruct/Eparse_03/grade/Eparse_03/result.jsonl,/mnt/bn/xsc-f1526e9f/yongkang/workspace/external/agent_laws/GitTaskBench/queries/Eparse_03/query.json
20260401-open8gpu-fullbench-v4-gpu01,/mnt/bn/xsc-f1526e9f/yongkang/workspace/_codex/experiments/agent_law_gittaskbench_runs/20260401-open8gpu-fullbench-v4-gpu01/run_manifest.json,Qwen2.5-14B-Instruct,Faker_01,Faker,graded,True,True,All user data validated successfully!,grade_summary,/mnt/bn/xsc-f1526e9f/yongkang/workspace/_codex/experiments/agent_law_gittaskbench_runs/20260401-open8gpu-fullbench-v4-gpu01/__mnt__bn__xsc-f1526e9f__yongkang__workspace__hf_models__Qwen2.5-14B-Instruct/Faker_01/grade/Faker_01/result.jsonl,/mnt/bn/xsc-f1526e9f/yongkang/workspace/external/agent_laws/GitTaskBench/queries/Faker_01/query.json
20260401-open8gpu-fullbench-v4-gpu01,/mnt/bn/xsc-f1526e9f/yongkang/workspace/_codex/experiments/agent_law_gittaskbench_runs/20260401-open8gpu-fullbench-v4-gpu01/run_manifest.json,Qwen2.5-14B-Instruct,Faker_02,Faker,failed_before_grading,False,False,,implicit_failed_before_grading,,/mnt/bn/xsc-f1526e9f/yongkang/workspace/external/agent_laws/GitTaskBench/queries/Faker_02/query.json
20260401-open8gpu-fullbench-v4-gpu01,/mnt/bn/xsc-f1526e9f/yongkang/workspace/_codex/experiments/agent_law_gittaskbench_runs/20260401-open8gpu-fullbench-v4-gpu01/run_manifest.json,Qwen2.5-14B-Instruct,Faker_03,Faker,graded,True,True,✅ Fake text replacement successful. Similarity 0.0112 below threshold.,grade_summary,/mnt/bn/xsc-f1526e9f/yongkang/workspace/_codex/experiments/agent_law_gittaskbench_runs/20260401-open8gpu-fullbench-v4-gpu01/__mnt__bn__xsc-f1526e9f__yongkang__workspace__hf_models__Qwen2.5-14B-Instruct/Faker_03/grade/Faker_03/result.jsonl,/mnt/bn/xsc-f1526e9f/yongkang/workspace/external/agent_laws/GitTaskBench/queries/Faker_03/query.json
20260401-open8gpu-fullbench-v4-gpu01,/mnt/bn/xsc-f1526e9f/yongkang/workspace/_codex/experiments/agent_law_gittaskbench_runs/20260401-open8gpu-fullbench-v4-gpu01/run_manifest.json,Qwen2.5-14B-Instruct,FunASR_01,FunASR,failed_before_grading,False,False,,implicit_failed_before_grading,,/mnt/bn/xsc-f1526e9f/yongkang/workspace/external/agent_laws/GitTaskBench/queries/FunASR_01/query.json
20260401-open8gpu-fullbench-v4-gpu01,/mnt/bn/xsc-f1526e9f/yongkang/workspace/_codex/experiments/agent_law_gittaskbench_runs/20260401-open8gpu-fullbench-v4-gpu01/run_manifest.json,Qwen2.5-14B-Instruct,FunASR_02,FunASR,failed_before_grading,False,False,,implicit_failed_before_grading,,/mnt/bn/xsc-f1526e9f/yongkang/workspace/external/agent_laws/GitTaskBench/queries/FunASR_02/query.json
20260401-open8gpu-fullbench-v4-gpu01,/mnt/bn/xsc-f1526e9f/yongkang/workspace/_codex/experiments/agent_law_gittaskbench_runs/20260401-open8gpu-fullbench-v4-gpu01/run_manifest.json,Qwen2.5-14B-Instruct,FunASR_03,FunASR,failed_before_grading,False,False,,implicit_failed_before_grading,,/mnt/bn/xsc-f1526e9f/yongkang/workspace/external/agent_laws/GitTaskBench/queries/FunASR_03/query.json
20260401-open8gpu-fullbench-v4-gpu01,/mnt/bn/xsc-f1526e9f/yongkang/workspace/_codex/experiments/agent_law_gittaskbench_runs/20260401-open8gpu-fullbench-v4-gpu01/run_manifest.json,Qwen2.5-14B-Instruct,InvisibleWatermark_01,InvisibleWatermark,failed_before_grading,False,False,,implicit_failed_before_grading,,/mnt/bn/xsc-f1526e9f/yongkang/workspace/external/agent_laws/GitTaskBench/queries/InvisibleWatermark_01/query.json
20260401-open8gpu-fullbench-v4-gpu01,/mnt/bn/xsc-f1526e9f/yongkang/workspace/_codex/experiments/agent_law_gittaskbench_runs/20260401-open8gpu-fullbench-v4-gpu01/run_manifest.json,Qwen2.5-14B-Instruct,InvisibleWatermark_02,InvisibleWatermark,failed_before_grading,False,False,,implicit_failed_before_grading,,/mnt/bn/xsc-f1526e9f/yongkang/workspace/external/agent_laws/GitTaskBench/queries/InvisibleWatermark_02/query.json
20260401-open8gpu-fullbench-v4-gpu01,/mnt/bn/xsc-f1526e9f/yongkang/workspace/_codex/experiments/agent_law_gittaskbench_runs/20260401-open8gpu-fullbench-v4-gpu01/run_manifest.json,Qwen2.5-14B-Instruct,InvisibleWatermark_03,InvisibleWatermark,failed_before_grading,False,False,,implicit_failed_before_grading,,/mnt/bn/xsc-f1526e9f/yongkang/workspace/external/agent_laws/GitTaskBench/queries/InvisibleWatermark_03/query.json
20260401-open8gpu-fullbench-v4-gpu01,/mnt/bn/xsc-f1526e9f/yongkang/workspace/_codex/experiments/agent_law_gittaskbench_runs/20260401-open8gpu-fullbench-v4-gpu01/run_manifest.json,Qwen2.5-14B-Instruct,NeuroKit_01,NeuroKit,graded_failed,True,False,"Accuracy: 0.00%, Matched columns: 0/3. SCR_Onsets: Mismatch; SCR_Peaks: Mismatch; SCR_Height: Mismatch",grade_summary,/mnt/bn/xsc-f1526e9f/yongkang/workspace/_codex/experiments/agent_law_gittaskbench_runs/20260401-open8gpu-fullbench-v4-gpu01/__mnt__bn__xsc-f1526e9f__yongkang__workspace__hf_models__Qwen2.5-14B-Instruct/NeuroKit_01/grade/NeuroKit_01/result.jsonl,/mnt/bn/xsc-f1526e9f/yongkang/workspace/external/agent_laws/GitTaskBench/queries/NeuroKit_01/query.json
20260401-open8gpu-fullbench-v4-gpu01,/mnt/bn/xsc-f1526e9f/yongkang/workspace/_codex/experiments/agent_law_gittaskbench_runs/20260401-open8gpu-fullbench-v4-gpu01/run_manifest.json,Qwen2.5-14B-Instruct,NeuroKit_02,NeuroKit,graded_failed,True,False,"Accuracy: 0.00%, Matched columns: 0/2. ECG_R_Peaks: Mismatch; ECG_P_Peaks: Mismatch",grade_summary,/mnt/bn/xsc-f1526e9f/yongkang/workspace/_codex/experiments/agent_law_gittaskbench_runs/20260401-open8gpu-fullbench-v4-gpu01/__mnt__bn__xsc-f1526e9f__yongkang__workspace__hf_models__Qwen2.5-14B-Instruct/NeuroKit_02/grade/NeuroKit_02/result.jsonl,/mnt/bn/xsc-f1526e9f/yongkang/workspace/external/agent_laws/GitTaskBench/queries/NeuroKit_02/query.json
20260401-open8gpu-fullbench-v4-gpu01,/mnt/bn/xsc-f1526e9f/yongkang/workspace/_codex/experiments/agent_law_gittaskbench_runs/20260401-open8gpu-fullbench-v4-gpu01/run_manifest.json,Qwen2.5-14B-Instruct,NeuroKit_03,NeuroKit,failed_before_grading,False,False,,implicit_failed_before_grading,,/mnt/bn/xsc-f1526e9f/yongkang/workspace/external/agent_laws/GitTaskBench/queries/NeuroKit_03/query.json
20260401-open8gpu-fullbench-v4-gpu01,/mnt/bn/xsc-f1526e9f/yongkang/workspace/_codex/experiments/agent_law_gittaskbench_runs/20260401-open8gpu-fullbench-v4-gpu01/run_manifest.json,Qwen2.5-14B-Instruct,PDFPlumber_01,PDFPlumber,graded,True,True,,grade_summary,/mnt/bn/xsc-f1526e9f/yongkang/workspace/_codex/experiments/agent_law_gittaskbench_runs/20260401-open8gpu-fullbench-v4-gpu01/__mnt__bn__xsc-f1526e9f__yongkang__workspace__hf_models__Qwen2.5-14B-Instruct/PDFPlumber_01/grade/PDFPlumber_01/result.jsonl,/mnt/bn/xsc-f1526e9f/yongkang/workspace/external/agent_laws/GitTaskBench/queries/PDFPlumber_01/query.json
20260401-open8gpu-fullbench-v4-gpu01,/mnt/bn/xsc-f1526e9f/yongkang/workspace/_codex/experiments/agent_law_gittaskbench_runs/20260401-open8gpu-fullbench-v4-gpu01/run_manifest.json,Qwen2.5-14B-Instruct,PDFPlumber_02,PDFPlumber,graded_failed,True,False,"✅ Column names and order match.
Overall cell-by-cell match rate: 64.92% (threshold=75%)
❌ Test failed!",grade_summary,/mnt/bn/xsc-f1526e9f/yongkang/workspace/_codex/experiments/agent_law_gittaskbench_runs/20260401-open8gpu-fullbench-v4-gpu01/__mnt__bn__xsc-f1526e9f__yongkang__workspace__hf_models__Qwen2.5-14B-Instruct/PDFPlumber_02/grade/PDFPlumber_02/result.jsonl,/mnt/bn/xsc-f1526e9f/yongkang/workspace/external/agent_laws/GitTaskBench/queries/PDFPlumber_02/query.json
20260401-open8gpu-fullbench-v4-gpu01,/mnt/bn/xsc-f1526e9f/yongkang/workspace/_codex/experiments/agent_law_gittaskbench_runs/20260401-open8gpu-fullbench-v4-gpu01/run_manifest.json,Qwen2.5-14B-Instruct,PDFPlumber_03,PDFPlumber,graded,True,True,"Precision: 100.00%, Recall: 100.00%, F1: 100.00%
True Positives: 1, False Positives: 0, False Negatives: 0
False Positives: []
False Negatives: []
✅ Test passed!",grade_summary,/mnt/bn/xsc-f1526e9f/yongkang/workspace/_codex/experiments/agent_law_gittaskbench_runs/20260401-open8gpu-fullbench-v4-gpu01/__mnt__bn__xsc-f1526e9f__yongkang__workspace__hf_models__Qwen2.5-14B-Instruct/PDFPlumber_03/grade/PDFPlumber_03/result.jsonl,/mnt/bn/xsc-f1526e9f/yongkang/workspace/external/agent_laws/GitTaskBench/queries/PDFPlumber_03/query.json
20260401-open8gpu-fullbench-v4-gpu01,/mnt/bn/xsc-f1526e9f/yongkang/workspace/_codex/experiments/agent_law_gittaskbench_runs/20260401-open8gpu-fullbench-v4-gpu01/run_manifest.json,Qwen2.5-14B-Instruct,PyPDF2_01,PyPDF2,failed_before_grading,False,False,,implicit_failed_before_grading,,/mnt/bn/xsc-f1526e9f/yongkang/workspace/external/agent_laws/GitTaskBench/queries/PyPDF2_01/query.json
20260401-open8gpu-fullbench-v4-gpu01,/mnt/bn/xsc-f1526e9f/yongkang/workspace/_codex/experiments/agent_law_gittaskbench_runs/20260401-open8gpu-fullbench-v4-gpu01/run_manifest.json,Qwen2.5-14B-Instruct,PyPDF2_02,PyPDF2,failed_before_grading,False,False,,implicit_failed_before_grading,,/mnt/bn/xsc-f1526e9f/yongkang/workspace/external/agent_laws/GitTaskBench/queries/PyPDF2_02/query.json
20260401-open8gpu-fullbench-v4-gpu01,/mnt/bn/xsc-f1526e9f/yongkang/workspace/_codex/experiments/agent_law_gittaskbench_runs/20260401-open8gpu-fullbench-v4-gpu01/run_manifest.json,Qwen2.5-14B-Instruct,PyPDF2_03,PyPDF2,failed_before_grading,False,False,,implicit_failed_before_grading,,/mnt/bn/xsc-f1526e9f/yongkang/workspace/external/agent_laws/GitTaskBench/queries/PyPDF2_03/query.json
20260401-open8gpu-fullbench-v4-gpu01,/mnt/bn/xsc-f1526e9f/yongkang/workspace/_codex/experiments/agent_law_gittaskbench_runs/20260401-open8gpu-fullbench-v4-gpu01/run_manifest.json,Qwen2.5-14B-Instruct,Scrapy_01,Scrapy,failed_before_grading,False,False,,implicit_failed_before_grading,,/mnt/bn/xsc-f1526e9f/yongkang/workspace/external/agent_laws/GitTaskBench/queries/Scrapy_01/query.json
20260401-open8gpu-fullbench-v4-gpu01,/mnt/bn/xsc-f1526e9f/yongkang/workspace/_codex/experiments/agent_law_gittaskbench_runs/20260401-open8gpu-fullbench-v4-gpu01/run_manifest.json,Qwen2.5-14B-Instruct,Scrapy_02,Scrapy,failed_before_grading,False,False,,implicit_failed_before_grading,,/mnt/bn/xsc-f1526e9f/yongkang/workspace/external/agent_laws/GitTaskBench/queries/Scrapy_02/query.json
20260401-open8gpu-fullbench-v4-gpu01,/mnt/bn/xsc-f1526e9f/yongkang/workspace/_codex/experiments/agent_law_gittaskbench_runs/20260401-open8gpu-fullbench-v4-gpu01/run_manifest.json,Qwen2.5-14B-Instruct,Scrapy_03,Scrapy,failed_before_grading,False,False,,implicit_failed_before_grading,,/mnt/bn/xsc-f1526e9f/yongkang/workspace/external/agent_laws/GitTaskBench/queries/Scrapy_03/query.json
20260401-open8gpu-fullbench-v4-gpu01,/mnt/bn/xsc-f1526e9f/yongkang/workspace/_codex/experiments/agent_law_gittaskbench_runs/20260401-open8gpu-fullbench-v4-gpu01/run_manifest.json,Qwen2.5-14B-Instruct,SpeechBrain_01,SpeechBrain,failed_before_grading,False,False,,implicit_failed_before_grading,,/mnt/bn/xsc-f1526e9f/yongkang/workspace/external/agent_laws/GitTaskBench/queries/SpeechBrain_01/query.json
20260401-open8gpu-fullbench-v4-gpu01,/mnt/bn/xsc-f1526e9f/yongkang/workspace/_codex/experiments/agent_law_gittaskbench_runs/20260401-open8gpu-fullbench-v4-gpu01/run_manifest.json,Qwen2.5-14B-Instruct,SpeechBrain_02,SpeechBrain,failed_before_grading,False,False,,implicit_failed_before_grading,,/mnt/bn/xsc-f1526e9f/yongkang/workspace/external/agent_laws/GitTaskBench/queries/SpeechBrain_02/query.json
20260401-open8gpu-fullbench-v4-gpu01,/mnt/bn/xsc-f1526e9f/yongkang/workspace/_codex/experiments/agent_law_gittaskbench_runs/20260401-open8gpu-fullbench-v4-gpu01/run_manifest.json,Qwen2.5-14B-Instruct,SpeechBrain_03,SpeechBrain,failed_before_grading,False,False,,implicit_failed_before_grading,,/mnt/bn/xsc-f1526e9f/yongkang/workspace/external/agent_laws/GitTaskBench/queries/SpeechBrain_03/query.json
20260401-open8gpu-fullbench-v4-gpu01,/mnt/bn/xsc-f1526e9f/yongkang/workspace/_codex/experiments/agent_law_gittaskbench_runs/20260401-open8gpu-fullbench-v4-gpu01/run_manifest.json,Qwen2.5-14B-Instruct,SpeechBrain_04,SpeechBrain,failed_before_grading,False,False,,implicit_failed_before_grading,,/mnt/bn/xsc-f1526e9f/yongkang/workspace/external/agent_laws/GitTaskBench/queries/SpeechBrain_04/query.json
20260401-open8gpu-fullbench-v4-gpu01,/mnt/bn/xsc-f1526e9f/yongkang/workspace/_codex/experiments/agent_law_gittaskbench_runs/20260401-open8gpu-fullbench-v4-gpu01/run_manifest.json,Qwen2.5-14B-Instruct,SpeechBrain_05,SpeechBrain,failed_before_grading,False,False,,implicit_failed_before_grading,,/mnt/bn/xsc-f1526e9f/yongkang/workspace/external/agent_laws/GitTaskBench/queries/SpeechBrain_05/query.json
20260401-open8gpu-fullbench-v4-gpu01,/mnt/bn/xsc-f1526e9f/yongkang/workspace/_codex/experiments/agent_law_gittaskbench_runs/20260401-open8gpu-fullbench-v4-gpu01/run_manifest.json,Qwen2.5-14B-Instruct,Stegano_01,Stegano,failed_before_grading,False,False,,implicit_failed_before_grading,,/mnt/bn/xsc-f1526e9f/yongkang/workspace/external/agent_laws/GitTaskBench/queries/Stegano_01/query.json
20260401-open8gpu-fullbench-v4-gpu01,/mnt/bn/xsc-f1526e9f/yongkang/workspace/_codex/experiments/agent_law_gittaskbench_runs/20260401-open8gpu-fullbench-v4-gpu01/run_manifest.json,Qwen2.5-14B-Instruct,Stegano_02,Stegano,failed_before_grading,False,False,,implicit_failed_before_grading,,/mnt/bn/xsc-f1526e9f/yongkang/workspace/external/agent_laws/GitTaskBench/queries/Stegano_02/query.json
20260401-open8gpu-fullbench-v4-gpu01,/mnt/bn/xsc-f1526e9f/yongkang/workspace/_codex/experiments/agent_law_gittaskbench_runs/20260401-open8gpu-fullbench-v4-gpu01/run_manifest.json,Qwen2.5-14B-Instruct,Stegano_03,Stegano,failed_before_grading,False,False,,implicit_failed_before_grading,,/mnt/bn/xsc-f1526e9f/yongkang/workspace/external/agent_laws/GitTaskBench/queries/Stegano_03/query.json
20260401-open8gpu-fullbench-v4-gpu01,/mnt/bn/xsc-f1526e9f/yongkang/workspace/_codex/experiments/agent_law_gittaskbench_runs/20260401-open8gpu-fullbench-v4-gpu01/run_manifest.json,Qwen2.5-14B-Instruct,StyleTransfer_01,StyleTransfer,failed_before_grading,False,False,,implicit_failed_before_grading,,/mnt/bn/xsc-f1526e9f/yongkang/workspace/external/agent_laws/GitTaskBench/queries/StyleTransfer_01/query.json
20260401-open8gpu-fullbench-v4-gpu01,/mnt/bn/xsc-f1526e9f/yongkang/workspace/_codex/experiments/agent_law_gittaskbench_runs/20260401-open8gpu-fullbench-v4-gpu01/run_manifest.json,Qwen2.5-14B-Instruct,StyleTransfer_02,StyleTransfer,failed_before_grading,False,False,,implicit_failed_before_grading,,/mnt/bn/xsc-f1526e9f/yongkang/workspace/external/agent_laws/GitTaskBench/queries/StyleTransfer_02/query.json
20260401-open8gpu-fullbench-v4-gpu01,/mnt/bn/xsc-f1526e9f/yongkang/workspace/_codex/experiments/agent_law_gittaskbench_runs/20260401-open8gpu-fullbench-v4-gpu01/run_manifest.json,Qwen2.5-14B-Instruct,StyleTransfer_03,StyleTransfer,failed_before_grading,False,False,,implicit_failed_before_grading,,/mnt/bn/xsc-f1526e9f/yongkang/workspace/external/agent_laws/GitTaskBench/queries/StyleTransfer_03/query.json
20260401-open8gpu-fullbench-v4-gpu01,/mnt/bn/xsc-f1526e9f/yongkang/workspace/_codex/experiments/agent_law_gittaskbench_runs/20260401-open8gpu-fullbench-v4-gpu01/run_manifest.json,Qwen2.5-14B-Instruct,SuperResolution_01,SuperResolution,failed_before_grading,False,False,,implicit_failed_before_grading,,/mnt/bn/xsc-f1526e9f/yongkang/workspace/external/agent_laws/GitTaskBench/queries/SuperResolution_01/query.json
20260401-open8gpu-fullbench-v4-gpu01,/mnt/bn/xsc-f1526e9f/yongkang/workspace/_codex/experiments/agent_law_gittaskbench_runs/20260401-open8gpu-fullbench-v4-gpu01/run_manifest.json,Qwen2.5-14B-Instruct,SuperResolution_02,SuperResolution,failed_before_grading,False,False,,implicit_failed_before_grading,,/mnt/bn/xsc-f1526e9f/yongkang/workspace/external/agent_laws/GitTaskBench/queries/SuperResolution_02/query.json
20260401-open8gpu-fullbench-v4-gpu01,/mnt/bn/xsc-f1526e9f/yongkang/workspace/_codex/experiments/agent_law_gittaskbench_runs/20260401-open8gpu-fullbench-v4-gpu01/run_manifest.json,Qwen2.5-14B-Instruct,SuperResolution_03,SuperResolution,failed_before_grading,False,False,,implicit_failed_before_grading,,/mnt/bn/xsc-f1526e9f/yongkang/workspace/external/agent_laws/GitTaskBench/queries/SuperResolution_03/query.json
20260401-open8gpu-fullbench-v4-gpu01,/mnt/bn/xsc-f1526e9f/yongkang/workspace/_codex/experiments/agent_law_gittaskbench_runs/20260401-open8gpu-fullbench-v4-gpu01/run_manifest.json,Qwen2.5-14B-Instruct,Trafilatura_01,Trafilatura,failed_before_grading,False,False,,implicit_failed_before_grading,,/mnt/bn/xsc-f1526e9f/yongkang/workspace/external/agent_laws/GitTaskBench/queries/Trafilatura_01/query.json
20260401-open8gpu-fullbench-v4-gpu01,/mnt/bn/xsc-f1526e9f/yongkang/workspace/_codex/experiments/agent_law_gittaskbench_runs/20260401-open8gpu-fullbench-v4-gpu01/run_manifest.json,Qwen2.5-14B-Instruct,Trafilatura_02,Trafilatura,failed_before_grading,False,False,,implicit_failed_before_grading,,/mnt/bn/xsc-f1526e9f/yongkang/workspace/external/agent_laws/GitTaskBench/queries/Trafilatura_02/query.json
20260401-open8gpu-fullbench-v4-gpu01,/mnt/bn/xsc-f1526e9f/yongkang/workspace/_codex/experiments/agent_law_gittaskbench_runs/20260401-open8gpu-fullbench-v4-gpu01/run_manifest.json,Qwen2.5-14B-Instruct,Trafilatura_03,Trafilatura,failed_before_grading,False,False,,implicit_failed_before_grading,,/mnt/bn/xsc-f1526e9f/yongkang/workspace/external/agent_laws/GitTaskBench/queries/Trafilatura_03/query.json
20260401-open8gpu-fullbench-v4-gpu01,/mnt/bn/xsc-f1526e9f/yongkang/workspace/_codex/experiments/agent_law_gittaskbench_runs/20260401-open8gpu-fullbench-v4-gpu01/run_manifest.json,Qwen2.5-14B-Instruct,TransparentBackground_01,TransparentBackground,failed_before_grading,False,False,,implicit_failed_before_grading,,/mnt/bn/xsc-f1526e9f/yongkang/workspace/external/agent_laws/GitTaskBench/queries/TransparentBackground_01/query.json
20260401-open8gpu-fullbench-v4-gpu01,/mnt/bn/xsc-f1526e9f/yongkang/workspace/_codex/experiments/agent_law_gittaskbench_runs/20260401-open8gpu-fullbench-v4-gpu01/run_manifest.json,Qwen2.5-14B-Instruct,TransparentBackground_02,TransparentBackground,failed_before_grading,False,False,,implicit_failed_before_grading,,/mnt/bn/xsc-f1526e9f/yongkang/workspace/external/agent_laws/GitTaskBench/queries/TransparentBackground_02/query.json
20260401-open8gpu-fullbench-v4-gpu01,/mnt/bn/xsc-f1526e9f/yongkang/workspace/_codex/experiments/agent_law_gittaskbench_runs/20260401-open8gpu-fullbench-v4-gpu01/run_manifest.json,Qwen2.5-14B-Instruct,TransparentBackground_03,TransparentBackground,failed_before_grading,False,False,,implicit_failed_before_grading,,/mnt/bn/xsc-f1526e9f/yongkang/workspace/external/agent_laws/GitTaskBench/queries/TransparentBackground_03/query.json
20260401-open8gpu-fullbench-v4-gpu01,/mnt/bn/xsc-f1526e9f/yongkang/workspace/_codex/experiments/agent_law_gittaskbench_runs/20260401-open8gpu-fullbench-v4-gpu01/run_manifest.json,Qwen2.5-14B-Instruct,VideoPose3D_01,VideoPose3D,failed_before_grading,False,False,,implicit_failed_before_grading,,/mnt/bn/xsc-f1526e9f/yongkang/workspace/external/agent_laws/GitTaskBench/queries/VideoPose3D_01/query.json
20260401-open8gpu-fullbench-v4-gpu02,/mnt/bn/xsc-f1526e9f/yongkang/workspace/_codex/experiments/agent_law_gittaskbench_runs/20260401-open8gpu-fullbench-v4-gpu02/run_manifest.json,Qwen2.5-32B-Instruct,AnimeGANv3_01,AnimeGANv3,failed_before_grading,False,False,,implicit_failed_before_grading,,/mnt/bn/xsc-f1526e9f/yongkang/workspace/external/agent_laws/GitTaskBench/queries/AnimeGANv3_01/query.json
20260401-open8gpu-fullbench-v4-gpu02,/mnt/bn/xsc-f1526e9f/yongkang/workspace/_codex/experiments/agent_law_gittaskbench_runs/20260401-open8gpu-fullbench-v4-gpu02/run_manifest.json,Qwen2.5-32B-Instruct,AnimeGANv3_02,AnimeGANv3,failed_before_grading,False,False,,implicit_failed_before_grading,,/mnt/bn/xsc-f1526e9f/yongkang/workspace/external/agent_laws/GitTaskBench/queries/AnimeGANv3_02/query.json
20260401-open8gpu-fullbench-v4-gpu02,/mnt/bn/xsc-f1526e9f/yongkang/workspace/_codex/experiments/agent_law_gittaskbench_runs/20260401-open8gpu-fullbench-v4-gpu02/run_manifest.json,Qwen2.5-32B-Instruct,AnimeGANv3_03,AnimeGANv3,failed_before_grading,False,False,,implicit_failed_before_grading,,/mnt/bn/xsc-f1526e9f/yongkang/workspace/external/agent_laws/GitTaskBench/queries/AnimeGANv3_03/query.json
20260401-open8gpu-fullbench-v4-gpu02,/mnt/bn/xsc-f1526e9f/yongkang/workspace/_codex/experiments/agent_law_gittaskbench_runs/20260401-open8gpu-fullbench-v4-gpu02/run_manifest.json,Qwen2.5-32B-Instruct,DeOldify_01,DeOldify,failed_before_grading,False,False,,implicit_failed_before_grading,,/mnt/bn/xsc-f1526e9f/yongkang/workspace/external/agent_laws/GitTaskBench/queries/DeOldify_01/query.json
20260401-open8gpu-fullbench-v4-gpu02,/mnt/bn/xsc-f1526e9f/yongkang/workspace/_codex/experiments/agent_law_gittaskbench_runs/20260401-open8gpu-fullbench-v4-gpu02/run_manifest.json,Qwen2.5-32B-Instruct,DeOldify_02,DeOldify,failed_before_grading,False,False,,implicit_failed_before_grading,,/mnt/bn/xsc-f1526e9f/yongkang/workspace/external/agent_laws/GitTaskBench/queries/DeOldify_02/query.json
20260401-open8gpu-fullbench-v4-gpu02,/mnt/bn/xsc-f1526e9f/yongkang/workspace/_codex/experiments/agent_law_gittaskbench_runs/20260401-open8gpu-fullbench-v4-gpu02/run_manifest.json,Qwen2.5-32B-Instruct,DeOldify_03,DeOldify,failed_before_grading,False,False,,implicit_failed_before_grading,,/mnt/bn/xsc-f1526e9f/yongkang/workspace/external/agent_laws/GitTaskBench/queries/DeOldify_03/query.json
20260401-open8gpu-fullbench-v4-gpu02,/mnt/bn/xsc-f1526e9f/yongkang/workspace/_codex/experiments/agent_law_gittaskbench_runs/20260401-open8gpu-fullbench-v4-gpu02/run_manifest.json,Qwen2.5-32B-Instruct,DeScratch_01,DeScratch,failed_before_grading,False,False,,implicit_failed_before_grading,,/mnt/bn/xsc-f1526e9f/yongkang/workspace/external/agent_laws/GitTaskBench/queries/DeScratch_01/query.json
20260401-open8gpu-fullbench-v4-gpu02,/mnt/bn/xsc-f1526e9f/yongkang/workspace/_codex/experiments/agent_law_gittaskbench_runs/20260401-open8gpu-fullbench-v4-gpu02/run_manifest.json,Qwen2.5-32B-Instruct,DeScratch_02,DeScratch,failed_before_grading,False,False,,implicit_failed_before_grading,,/mnt/bn/xsc-f1526e9f/yongkang/workspace/external/agent_laws/GitTaskBench/queries/DeScratch_02/query.json
20260401-open8gpu-fullbench-v4-gpu02,/mnt/bn/xsc-f1526e9f/yongkang/workspace/_codex/experiments/agent_law_gittaskbench_runs/20260401-open8gpu-fullbench-v4-gpu02/run_manifest.json,Qwen2.5-32B-Instruct,DeScratch_03,DeScratch,failed_before_grading,False,False,,implicit_failed_before_grading,,/mnt/bn/xsc-f1526e9f/yongkang/workspace/external/agent_laws/GitTaskBench/queries/DeScratch_03/query.json
20260401-open8gpu-fullbench-v4-gpu02,/mnt/bn/xsc-f1526e9f/yongkang/workspace/_codex/experiments/agent_law_gittaskbench_runs/20260401-open8gpu-fullbench-v4-gpu02/run_manifest.json,Qwen2.5-32B-Instruct,Eparse_01,Eparse,graded,True,True,"Prediction file contains 2 Excel data blocks
GT file contains 2 Excel data blocks
Filename match rate: 100.00%
File 'table_date.xlsx' content similarity: 88.46%
File 'table_epa.xlsx' content similarity: 60.00%
Average content similarity across all files: 74.23%
Final score (filename match 30.0% + content similarity 70.0%): 81.96% (threshold=75%)
✅ Test passed!",grade_summary,/mnt/bn/xsc-f1526e9f/yongkang/workspace/_codex/experiments/agent_law_gittaskbench_runs/20260401-open8gpu-fullbench-v4-gpu02/__mnt__bn__xsc-f1526e9f__yongkang__workspace__hf_models__Qwen2.5-32B-Instruct/Eparse_01/grade/Eparse_01/result.jsonl,/mnt/bn/xsc-f1526e9f/yongkang/workspace/external/agent_laws/GitTaskBench/queries/Eparse_01/query.json
20260401-open8gpu-fullbench-v4-gpu02,/mnt/bn/xsc-f1526e9f/yongkang/workspace/_codex/experiments/agent_law_gittaskbench_runs/20260401-open8gpu-fullbench-v4-gpu02/run_manifest.json,Qwen2.5-32B-Instruct,Eparse_02,Eparse,graded,True,True,✅ Test passed! Content match rate=1.0000 ≥ 0.7. Matched fields: 360/360,grade_summary,/mnt/bn/xsc-f1526e9f/yongkang/workspace/_codex/experiments/agent_law_gittaskbench_runs/20260401-open8gpu-fullbench-v4-gpu02/__mnt__bn__xsc-f1526e9f__yongkang__workspace__hf_models__Qwen2.5-32B-Instruct/Eparse_02/grade/Eparse_02/result.jsonl,/mnt/bn/xsc-f1526e9f/yongkang/workspace/external/agent_laws/GitTaskBench/queries/Eparse_02/query.json
20260401-open8gpu-fullbench-v4-gpu02,/mnt/bn/xsc-f1526e9f/yongkang/workspace/_codex/experiments/agent_law_gittaskbench_runs/20260401-open8gpu-fullbench-v4-gpu02/run_manifest.json,Qwen2.5-32B-Instruct,Eparse_03,Eparse,failed_before_grading,False,False,,implicit_failed_before_grading,,/mnt/bn/xsc-f1526e9f/yongkang/workspace/external/agent_laws/GitTaskBench/queries/Eparse_03/query.json
20260401-open8gpu-fullbench-v4-gpu02,/mnt/bn/xsc-f1526e9f/yongkang/workspace/_codex/experiments/agent_law_gittaskbench_runs/20260401-open8gpu-fullbench-v4-gpu02/run_manifest.json,Qwen2.5-32B-Instruct,Faker_01,Faker,failed_before_grading,False,False,,implicit_failed_before_grading,,/mnt/bn/xsc-f1526e9f/yongkang/workspace/external/agent_laws/GitTaskBench/queries/Faker_01/query.json
20260401-open8gpu-fullbench-v4-gpu02,/mnt/bn/xsc-f1526e9f/yongkang/workspace/_codex/experiments/agent_law_gittaskbench_runs/20260401-open8gpu-fullbench-v4-gpu02/run_manifest.json,Qwen2.5-32B-Instruct,Faker_02,Faker,failed_before_grading,False,False,,implicit_failed_before_grading,,/mnt/bn/xsc-f1526e9f/yongkang/workspace/external/agent_laws/GitTaskBench/queries/Faker_02/query.json
20260401-open8gpu-fullbench-v4-gpu02,/mnt/bn/xsc-f1526e9f/yongkang/workspace/_codex/experiments/agent_law_gittaskbench_runs/20260401-open8gpu-fullbench-v4-gpu02/run_manifest.json,Qwen2.5-32B-Instruct,Faker_03,Faker,graded,True,True,✅ Fake text replacement successful. Similarity 0.0231 below threshold.,grade_summary,/mnt/bn/xsc-f1526e9f/yongkang/workspace/_codex/experiments/agent_law_gittaskbench_runs/20260401-open8gpu-fullbench-v4-gpu02/__mnt__bn__xsc-f1526e9f__yongkang__workspace__hf_models__Qwen2.5-32B-Instruct/Faker_03/grade/Faker_03/result.jsonl,/mnt/bn/xsc-f1526e9f/yongkang/workspace/external/agent_laws/GitTaskBench/queries/Faker_03/query.json
20260401-open8gpu-fullbench-v4-gpu02,/mnt/bn/xsc-f1526e9f/yongkang/workspace/_codex/experiments/agent_law_gittaskbench_runs/20260401-open8gpu-fullbench-v4-gpu02/run_manifest.json,Qwen2.5-32B-Instruct,FunASR_01,FunASR,failed_before_grading,False,False,,implicit_failed_before_grading,,/mnt/bn/xsc-f1526e9f/yongkang/workspace/external/agent_laws/GitTaskBench/queries/FunASR_01/query.json
20260401-open8gpu-fullbench-v4-gpu02,/mnt/bn/xsc-f1526e9f/yongkang/workspace/_codex/experiments/agent_law_gittaskbench_runs/20260401-open8gpu-fullbench-v4-gpu02/run_manifest.json,Qwen2.5-32B-Instruct,FunASR_02,FunASR,failed_before_grading,False,False,,implicit_failed_before_grading,,/mnt/bn/xsc-f1526e9f/yongkang/workspace/external/agent_laws/GitTaskBench/queries/FunASR_02/query.json
20260401-open8gpu-fullbench-v4-gpu02,/mnt/bn/xsc-f1526e9f/yongkang/workspace/_codex/experiments/agent_law_gittaskbench_runs/20260401-open8gpu-fullbench-v4-gpu02/run_manifest.json,Qwen2.5-32B-Instruct,FunASR_03,FunASR,failed_before_grading,False,False,,implicit_failed_before_grading,,/mnt/bn/xsc-f1526e9f/yongkang/workspace/external/agent_laws/GitTaskBench/queries/FunASR_03/query.json
20260401-open8gpu-fullbench-v4-gpu02,/mnt/bn/xsc-f1526e9f/yongkang/workspace/_codex/experiments/agent_law_gittaskbench_runs/20260401-open8gpu-fullbench-v4-gpu02/run_manifest.json,Qwen2.5-32B-Instruct,InvisibleWatermark_01,InvisibleWatermark,failed_before_grading,False,False,,implicit_failed_before_grading,,/mnt/bn/xsc-f1526e9f/yongkang/workspace/external/agent_laws/GitTaskBench/queries/InvisibleWatermark_01/query.json
20260401-open8gpu-fullbench-v4-gpu02,/mnt/bn/xsc-f1526e9f/yongkang/workspace/_codex/experiments/agent_law_gittaskbench_runs/20260401-open8gpu-fullbench-v4-gpu02/run_manifest.json,Qwen2.5-32B-Instruct,InvisibleWatermark_02,InvisibleWatermark,failed_before_grading,False,False,,implicit_failed_before_grading,,/mnt/bn/xsc-f1526e9f/yongkang/workspace/external/agent_laws/GitTaskBench/queries/InvisibleWatermark_02/query.json
20260401-open8gpu-fullbench-v4-gpu02,/mnt/bn/xsc-f1526e9f/yongkang/workspace/_codex/experiments/agent_law_gittaskbench_runs/20260401-open8gpu-fullbench-v4-gpu02/run_manifest.json,Qwen2.5-32B-Instruct,InvisibleWatermark_03,InvisibleWatermark,failed_before_grading,False,False,,implicit_failed_before_grading,,/mnt/bn/xsc-f1526e9f/yongkang/workspace/external/agent_laws/GitTaskBench/queries/InvisibleWatermark_03/query.json
20260401-open8gpu-fullbench-v4-gpu02,/mnt/bn/xsc-f1526e9f/yongkang/workspace/_codex/experiments/agent_law_gittaskbench_runs/20260401-open8gpu-fullbench-v4-gpu02/run_manifest.json,Qwen2.5-32B-Instruct,NeuroKit_01,NeuroKit,failed_before_grading,False,False,,implicit_failed_before_grading,,/mnt/bn/xsc-f1526e9f/yongkang/workspace/external/agent_laws/GitTaskBench/queries/NeuroKit_01/query.json
20260401-open8gpu-fullbench-v4-gpu02,/mnt/bn/xsc-f1526e9f/yongkang/workspace/_codex/experiments/agent_law_gittaskbench_runs/20260401-open8gpu-fullbench-v4-gpu02/run_manifest.json,Qwen2.5-32B-Instruct,NeuroKit_02,NeuroKit,failed_before_grading,False,False,,implicit_failed_before_grading,,/mnt/bn/xsc-f1526e9f/yongkang/workspace/external/agent_laws/GitTaskBench/queries/NeuroKit_02/query.json
20260401-open8gpu-fullbench-v4-gpu02,/mnt/bn/xsc-f1526e9f/yongkang/workspace/_codex/experiments/agent_law_gittaskbench_runs/20260401-open8gpu-fullbench-v4-gpu02/run_manifest.json,Qwen2.5-32B-Instruct,NeuroKit_03,NeuroKit,failed_before_grading,False,False,,implicit_failed_before_grading,,/mnt/bn/xsc-f1526e9f/yongkang/workspace/external/agent_laws/GitTaskBench/queries/NeuroKit_03/query.json
20260401-open8gpu-fullbench-v4-gpu02,/mnt/bn/xsc-f1526e9f/yongkang/workspace/_codex/experiments/agent_law_gittaskbench_runs/20260401-open8gpu-fullbench-v4-gpu02/run_manifest.json,Qwen2.5-32B-Instruct,PDFPlumber_01,PDFPlumber,failed_before_grading,False,False,,implicit_failed_before_grading,,/mnt/bn/xsc-f1526e9f/yongkang/workspace/external/agent_laws/GitTaskBench/queries/PDFPlumber_01/query.json
20260401-open8gpu-fullbench-v4-gpu02,/mnt/bn/xsc-f1526e9f/yongkang/workspace/_codex/experiments/agent_law_gittaskbench_runs/20260401-open8gpu-fullbench-v4-gpu02/run_manifest.json,Qwen2.5-32B-Instruct,PDFPlumber_02,PDFPlumber,graded_failed,True,False,"✅ Column names and order match.
Overall cell-by-cell match rate: 50.43% (threshold=75%)
❌ Test failed!",grade_summary,/mnt/bn/xsc-f1526e9f/yongkang/workspace/_codex/experiments/agent_law_gittaskbench_runs/20260401-open8gpu-fullbench-v4-gpu02/__mnt__bn__xsc-f1526e9f__yongkang__workspace__hf_models__Qwen2.5-32B-Instruct/PDFPlumber_02/grade/PDFPlumber_02/result.jsonl,/mnt/bn/xsc-f1526e9f/yongkang/workspace/external/agent_laws/GitTaskBench/queries/PDFPlumber_02/query.json
20260401-open8gpu-fullbench-v4-gpu02,/mnt/bn/xsc-f1526e9f/yongkang/workspace/_codex/experiments/agent_law_gittaskbench_runs/20260401-open8gpu-fullbench-v4-gpu02/run_manifest.json,Qwen2.5-32B-Instruct,PDFPlumber_03,PDFPlumber,graded,True,True,"Precision: 100.00%, Recall: 100.00%, F1: 100.00%
True Positives: 1, False Positives: 0, False Negatives: 0
False Positives: []
False Negatives: []
✅ Test passed!",grade_summary,/mnt/bn/xsc-f1526e9f/yongkang/workspace/_codex/experiments/agent_law_gittaskbench_runs/20260401-open8gpu-fullbench-v4-gpu02/__mnt__bn__xsc-f1526e9f__yongkang__workspace__hf_models__Qwen2.5-32B-Instruct/PDFPlumber_03/grade/PDFPlumber_03/result.jsonl,/mnt/bn/xsc-f1526e9f/yongkang/workspace/external/agent_laws/GitTaskBench/queries/PDFPlumber_03/query.json
20260401-open8gpu-fullbench-v4-gpu02,/mnt/bn/xsc-f1526e9f/yongkang/workspace/_codex/experiments/agent_law_gittaskbench_runs/20260401-open8gpu-fullbench-v4-gpu02/run_manifest.json,Qwen2.5-32B-Instruct,PyPDF2_01,PyPDF2,failed_before_grading,False,False,,implicit_failed_before_grading,,/mnt/bn/xsc-f1526e9f/yongkang/workspace/external/agent_laws/GitTaskBench/queries/PyPDF2_01/query.json
20260401-open8gpu-fullbench-v4-gpu02,/mnt/bn/xsc-f1526e9f/yongkang/workspace/_codex/experiments/agent_law_gittaskbench_runs/20260401-open8gpu-fullbench-v4-gpu02/run_manifest.json,Qwen2.5-32B-Instruct,PyPDF2_02,PyPDF2,failed_before_grading,False,False,,implicit_failed_before_grading,,/mnt/bn/xsc-f1526e9f/yongkang/workspace/external/agent_laws/GitTaskBench/queries/PyPDF2_02/query.json
20260401-open8gpu-fullbench-v4-gpu02,/mnt/bn/xsc-f1526e9f/yongkang/workspace/_codex/experiments/agent_law_gittaskbench_runs/20260401-open8gpu-fullbench-v4-gpu02/run_manifest.json,Qwen2.5-32B-Instruct,PyPDF2_03,PyPDF2,failed_before_grading,False,False,,implicit_failed_before_grading,,/mnt/bn/xsc-f1526e9f/yongkang/workspace/external/agent_laws/GitTaskBench/queries/PyPDF2_03/query.json
20260401-open8gpu-fullbench-v4-gpu02,/mnt/bn/xsc-f1526e9f/yongkang/workspace/_codex/experiments/agent_law_gittaskbench_runs/20260401-open8gpu-fullbench-v4-gpu02/run_manifest.json,Qwen2.5-32B-Instruct,Scrapy_01,Scrapy,failed_before_grading,False,False,,implicit_failed_before_grading,,/mnt/bn/xsc-f1526e9f/yongkang/workspace/external/agent_laws/GitTaskBench/queries/Scrapy_01/query.json
20260401-open8gpu-fullbench-v4-gpu02,/mnt/bn/xsc-f1526e9f/yongkang/workspace/_codex/experiments/agent_law_gittaskbench_runs/20260401-open8gpu-fullbench-v4-gpu02/run_manifest.json,Qwen2.5-32B-Instruct,Scrapy_02,Scrapy,graded_failed,False,False,No valid output file found for grading. picked_output_reason=no_nonempty_supported_output; output_file_sizes={'/mnt/bn/xsc-f1526e9f/yongkang/workspace/_codex/experiments/agent_law_gittaskbench_runs/20260401-open8gpu-fullbench-v4-gpu02/__mnt__bn__xsc-f1526e9f__yongkang__workspace__hf_models__Qwen2.5-32B-Instruct/Scrapy_02/workdir/Scrapy_02/output.csv': 0},grade_summary,/mnt/bn/xsc-f1526e9f/yongkang/workspace/_codex/experiments/agent_law_gittaskbench_runs/20260401-open8gpu-fullbench-v4-gpu02/__mnt__bn__xsc-f1526e9f__yongkang__workspace__hf_models__Qwen2.5-32B-Instruct/Scrapy_02/grade/Scrapy_02/result.jsonl,/mnt/bn/xsc-f1526e9f/yongkang/workspace/external/agent_laws/GitTaskBench/queries/Scrapy_02/query.json
20260401-open8gpu-fullbench-v4-gpu02,/mnt/bn/xsc-f1526e9f/yongkang/workspace/_codex/experiments/agent_law_gittaskbench_runs/20260401-open8gpu-fullbench-v4-gpu02/run_manifest.json,Qwen2.5-32B-Instruct,Scrapy_03,Scrapy,graded_failed,True,False,"Prediction XML parsing failed, could not extract valid records",grade_summary,/mnt/bn/xsc-f1526e9f/yongkang/workspace/_codex/experiments/agent_law_gittaskbench_runs/20260401-open8gpu-fullbench-v4-gpu02/__mnt__bn__xsc-f1526e9f__yongkang__workspace__hf_models__Qwen2.5-32B-Instruct/Scrapy_03/grade/Scrapy_03/result.jsonl,/mnt/bn/xsc-f1526e9f/yongkang/workspace/external/agent_laws/GitTaskBench/queries/Scrapy_03/query.json
20260401-open8gpu-fullbench-v4-gpu02,/mnt/bn/xsc-f1526e9f/yongkang/workspace/_codex/experiments/agent_law_gittaskbench_runs/20260401-open8gpu-fullbench-v4-gpu02/run_manifest.json,Qwen2.5-32B-Instruct,SpeechBrain_01,SpeechBrain,failed_before_grading,False,False,,implicit_failed_before_grading,,/mnt/bn/xsc-f1526e9f/yongkang/workspace/external/agent_laws/GitTaskBench/queries/SpeechBrain_01/query.json
20260401-open8gpu-fullbench-v4-gpu02,/mnt/bn/xsc-f1526e9f/yongkang/workspace/_codex/experiments/agent_law_gittaskbench_runs/20260401-open8gpu-fullbench-v4-gpu02/run_manifest.json,Qwen2.5-32B-Instruct,SpeechBrain_02,SpeechBrain,failed_before_grading,False,False,,implicit_failed_before_grading,,/mnt/bn/xsc-f1526e9f/yongkang/workspace/external/agent_laws/GitTaskBench/queries/SpeechBrain_02/query.json
20260401-open8gpu-fullbench-v4-gpu02,/mnt/bn/xsc-f1526e9f/yongkang/workspace/_codex/experiments/agent_law_gittaskbench_runs/20260401-open8gpu-fullbench-v4-gpu02/run_manifest.json,Qwen2.5-32B-Instruct,SpeechBrain_03,SpeechBrain,failed_before_grading,False,False,,implicit_failed_before_grading,,/mnt/bn/xsc-f1526e9f/yongkang/workspace/external/agent_laws/GitTaskBench/queries/SpeechBrain_03/query.json
20260401-open8gpu-fullbench-v4-gpu02,/mnt/bn/xsc-f1526e9f/yongkang/workspace/_codex/experiments/agent_law_gittaskbench_runs/20260401-open8gpu-fullbench-v4-gpu02/run_manifest.json,Qwen2.5-32B-Instruct,SpeechBrain_04,SpeechBrain,failed_before_grading,False,False,,implicit_failed_before_grading,,/mnt/bn/xsc-f1526e9f/yongkang/workspace/external/agent_laws/GitTaskBench/queries/SpeechBrain_04/query.json
20260401-open8gpu-fullbench-v4-gpu02,/mnt/bn/xsc-f1526e9f/yongkang/workspace/_codex/experiments/agent_law_gittaskbench_runs/20260401-open8gpu-fullbench-v4-gpu02/run_manifest.json,Qwen2.5-32B-Instruct,SpeechBrain_05,SpeechBrain,graded,True,True,"Comparison result: Match
",grade_summary,/mnt/bn/xsc-f1526e9f/yongkang/workspace/_codex/experiments/agent_law_gittaskbench_runs/20260401-open8gpu-fullbench-v4-gpu02/__mnt__bn__xsc-f1526e9f__yongkang__workspace__hf_models__Qwen2.5-32B-Instruct/SpeechBrain_05/grade/SpeechBrain_05/result.jsonl,/mnt/bn/xsc-f1526e9f/yongkang/workspace/external/agent_laws/GitTaskBench/queries/SpeechBrain_05/query.json
20260401-open8gpu-fullbench-v4-gpu02,/mnt/bn/xsc-f1526e9f/yongkang/workspace/_codex/experiments/agent_law_gittaskbench_runs/20260401-open8gpu-fullbench-v4-gpu02/run_manifest.json,Qwen2.5-32B-Instruct,Stegano_01,Stegano,failed_before_grading,False,False,,implicit_failed_before_grading,,/mnt/bn/xsc-f1526e9f/yongkang/workspace/external/agent_laws/GitTaskBench/queries/Stegano_01/query.json
20260401-open8gpu-fullbench-v4-gpu02,/mnt/bn/xsc-f1526e9f/yongkang/workspace/_codex/experiments/agent_law_gittaskbench_runs/20260401-open8gpu-fullbench-v4-gpu02/run_manifest.json,Qwen2.5-32B-Instruct,Stegano_02,Stegano,failed_before_grading,False,False,,implicit_failed_before_grading,,/mnt/bn/xsc-f1526e9f/yongkang/workspace/external/agent_laws/GitTaskBench/queries/Stegano_02/query.json
20260401-open8gpu-fullbench-v4-gpu02,/mnt/bn/xsc-f1526e9f/yongkang/workspace/_codex/experiments/agent_law_gittaskbench_runs/20260401-open8gpu-fullbench-v4-gpu02/run_manifest.json,Qwen2.5-32B-Instruct,Stegano_03,Stegano,failed_before_grading,False,False,,implicit_failed_before_grading,,/mnt/bn/xsc-f1526e9f/yongkang/workspace/external/agent_laws/GitTaskBench/queries/Stegano_03/query.json
20260401-open8gpu-fullbench-v4-gpu02,/mnt/bn/xsc-f1526e9f/yongkang/workspace/_codex/experiments/agent_law_gittaskbench_runs/20260401-open8gpu-fullbench-v4-gpu02/run_manifest.json,Qwen2.5-32B-Instruct,StyleTransfer_01,StyleTransfer,failed_before_grading,False,False,,implicit_failed_before_grading,,/mnt/bn/xsc-f1526e9f/yongkang/workspace/external/agent_laws/GitTaskBench/queries/StyleTransfer_01/query.json
20260401-open8gpu-fullbench-v4-gpu02,/mnt/bn/xsc-f1526e9f/yongkang/workspace/_codex/experiments/agent_law_gittaskbench_runs/20260401-open8gpu-fullbench-v4-gpu02/run_manifest.json,Qwen2.5-32B-Instruct,StyleTransfer_02,StyleTransfer,failed_before_grading,False,False,,implicit_failed_before_grading,,/mnt/bn/xsc-f1526e9f/yongkang/workspace/external/agent_laws/GitTaskBench/queries/StyleTransfer_02/query.json
20260401-open8gpu-fullbench-v4-gpu02,/mnt/bn/xsc-f1526e9f/yongkang/workspace/_codex/experiments/agent_law_gittaskbench_runs/20260401-open8gpu-fullbench-v4-gpu02/run_manifest.json,Qwen2.5-32B-Instruct,StyleTransfer_03,StyleTransfer,failed_before_grading,False,False,,implicit_failed_before_grading,,/mnt/bn/xsc-f1526e9f/yongkang/workspace/external/agent_laws/GitTaskBench/queries/StyleTransfer_03/query.json
20260401-open8gpu-fullbench-v4-gpu02,/mnt/bn/xsc-f1526e9f/yongkang/workspace/_codex/experiments/agent_law_gittaskbench_runs/20260401-open8gpu-fullbench-v4-gpu02/run_manifest.json,Qwen2.5-32B-Instruct,SuperResolution_01,SuperResolution,failed_before_grading,False,False,,implicit_failed_before_grading,,/mnt/bn/xsc-f1526e9f/yongkang/workspace/external/agent_laws/GitTaskBench/queries/SuperResolution_01/query.json
20260401-open8gpu-fullbench-v4-gpu02,/mnt/bn/xsc-f1526e9f/yongkang/workspace/_codex/experiments/agent_law_gittaskbench_runs/20260401-open8gpu-fullbench-v4-gpu02/run_manifest.json,Qwen2.5-32B-Instruct,SuperResolution_02,SuperResolution,failed_before_grading,False,False,,implicit_failed_before_grading,,/mnt/bn/xsc-f1526e9f/yongkang/workspace/external/agent_laws/GitTaskBench/queries/SuperResolution_02/query.json
20260401-open8gpu-fullbench-v4-gpu02,/mnt/bn/xsc-f1526e9f/yongkang/workspace/_codex/experiments/agent_law_gittaskbench_runs/20260401-open8gpu-fullbench-v4-gpu02/run_manifest.json,Qwen2.5-32B-Instruct,SuperResolution_03,SuperResolution,failed_before_grading,False,False,,implicit_failed_before_grading,,/mnt/bn/xsc-f1526e9f/yongkang/workspace/external/agent_laws/GitTaskBench/queries/SuperResolution_03/query.json
20260401-open8gpu-fullbench-v4-gpu02,/mnt/bn/xsc-f1526e9f/yongkang/workspace/_codex/experiments/agent_law_gittaskbench_runs/20260401-open8gpu-fullbench-v4-gpu02/run_manifest.json,Qwen2.5-32B-Instruct,Trafilatura_01,Trafilatura,failed_before_grading,False,False,,implicit_failed_before_grading,,/mnt/bn/xsc-f1526e9f/yongkang/workspace/external/agent_laws/GitTaskBench/queries/Trafilatura_01/query.json
20260401-open8gpu-fullbench-v4-gpu02,/mnt/bn/xsc-f1526e9f/yongkang/workspace/_codex/experiments/agent_law_gittaskbench_runs/20260401-open8gpu-fullbench-v4-gpu02/run_manifest.json,Qwen2.5-32B-Instruct,Trafilatura_02,Trafilatura,failed_before_grading,False,False,,implicit_failed_before_grading,,/mnt/bn/xsc-f1526e9f/yongkang/workspace/external/agent_laws/GitTaskBench/queries/Trafilatura_02/query.json
20260401-open8gpu-fullbench-v4-gpu02,/mnt/bn/xsc-f1526e9f/yongkang/workspace/_codex/experiments/agent_law_gittaskbench_runs/20260401-open8gpu-fullbench-v4-gpu02/run_manifest.json,Qwen2.5-32B-Instruct,Trafilatura_03,Trafilatura,failed_before_grading,False,False,,implicit_failed_before_grading,,/mnt/bn/xsc-f1526e9f/yongkang/workspace/external/agent_laws/GitTaskBench/queries/Trafilatura_03/query.json
20260401-open8gpu-fullbench-v4-gpu02,/mnt/bn/xsc-f1526e9f/yongkang/workspace/_codex/experiments/agent_law_gittaskbench_runs/20260401-open8gpu-fullbench-v4-gpu02/run_manifest.json,Qwen2.5-32B-Instruct,TransparentBackground_01,TransparentBackground,failed_before_grading,False,False,,implicit_failed_before_grading,,/mnt/bn/xsc-f1526e9f/yongkang/workspace/external/agent_laws/GitTaskBench/queries/TransparentBackground_01/query.json
20260401-open8gpu-fullbench-v4-gpu02,/mnt/bn/xsc-f1526e9f/yongkang/workspace/_codex/experiments/agent_law_gittaskbench_runs/20260401-open8gpu-fullbench-v4-gpu02/run_manifest.json,Qwen2.5-32B-Instruct,TransparentBackground_02,TransparentBackground,failed_before_grading,False,False,,implicit_failed_before_grading,,/mnt/bn/xsc-f1526e9f/yongkang/workspace/external/agent_laws/GitTaskBench/queries/TransparentBackground_02/query.json
20260401-open8gpu-fullbench-v4-gpu02,/mnt/bn/xsc-f1526e9f/yongkang/workspace/_codex/experiments/agent_law_gittaskbench_runs/20260401-open8gpu-fullbench-v4-gpu02/run_manifest.json,Qwen2.5-32B-Instruct,TransparentBackground_03,TransparentBackground,failed_before_grading,False,False,,implicit_failed_before_grading,,/mnt/bn/xsc-f1526e9f/yongkang/workspace/external/agent_laws/GitTaskBench/queries/TransparentBackground_03/query.json
20260401-open8gpu-fullbench-v4-gpu02,/mnt/bn/xsc-f1526e9f/yongkang/workspace/_codex/experiments/agent_law_gittaskbench_runs/20260401-open8gpu-fullbench-v4-gpu02/run_manifest.json,Qwen2.5-32B-Instruct,VideoPose3D_01,VideoPose3D,failed_before_grading,False,False,,implicit_failed_before_grading,,/mnt/bn/xsc-f1526e9f/yongkang/workspace/external/agent_laws/GitTaskBench/queries/VideoPose3D_01/query.json
20260401-open8gpu-fullbench-v4-gpu03,/mnt/bn/xsc-f1526e9f/yongkang/workspace/_codex/experiments/agent_law_gittaskbench_runs/20260401-open8gpu-fullbench-v4-gpu03/run_manifest.json,Qwen__Qwen3-14B,AnimeGANv3_01,AnimeGANv3,failed_before_grading,False,False,,implicit_failed_before_grading,,/mnt/bn/xsc-f1526e9f/yongkang/workspace/external/agent_laws/GitTaskBench/queries/AnimeGANv3_01/query.json
20260401-open8gpu-fullbench-v4-gpu03,/mnt/bn/xsc-f1526e9f/yongkang/workspace/_codex/experiments/agent_law_gittaskbench_runs/20260401-open8gpu-fullbench-v4-gpu03/run_manifest.json,Qwen__Qwen3-14B,AnimeGANv3_02,AnimeGANv3,failed_before_grading,False,False,,implicit_failed_before_grading,,/mnt/bn/xsc-f1526e9f/yongkang/workspace/external/agent_laws/GitTaskBench/queries/AnimeGANv3_02/query.json
20260401-open8gpu-fullbench-v4-gpu03,/mnt/bn/xsc-f1526e9f/yongkang/workspace/_codex/experiments/agent_law_gittaskbench_runs/20260401-open8gpu-fullbench-v4-gpu03/run_manifest.json,Qwen__Qwen3-14B,AnimeGANv3_03,AnimeGANv3,failed_before_grading,False,False,,implicit_failed_before_grading,,/mnt/bn/xsc-f1526e9f/yongkang/workspace/external/agent_laws/GitTaskBench/queries/AnimeGANv3_03/query.json
20260401-open8gpu-fullbench-v4-gpu03,/mnt/bn/xsc-f1526e9f/yongkang/workspace/_codex/experiments/agent_law_gittaskbench_runs/20260401-open8gpu-fullbench-v4-gpu03/run_manifest.json,Qwen__Qwen3-14B,DeOldify_01,DeOldify,failed_before_grading,False,False,,implicit_failed_before_grading,,/mnt/bn/xsc-f1526e9f/yongkang/workspace/external/agent_laws/GitTaskBench/queries/DeOldify_01/query.json
20260401-open8gpu-fullbench-v4-gpu03,/mnt/bn/xsc-f1526e9f/yongkang/workspace/_codex/experiments/agent_law_gittaskbench_runs/20260401-open8gpu-fullbench-v4-gpu03/run_manifest.json,Qwen__Qwen3-14B,DeOldify_02,DeOldify,failed_before_grading,False,False,,implicit_failed_before_grading,,/mnt/bn/xsc-f1526e9f/yongkang/workspace/external/agent_laws/GitTaskBench/queries/DeOldify_02/query.json
20260401-open8gpu-fullbench-v4-gpu03,/mnt/bn/xsc-f1526e9f/yongkang/workspace/_codex/experiments/agent_law_gittaskbench_runs/20260401-open8gpu-fullbench-v4-gpu03/run_manifest.json,Qwen__Qwen3-14B,DeOldify_03,DeOldify,failed_before_grading,False,False,,implicit_failed_before_grading,,/mnt/bn/xsc-f1526e9f/yongkang/workspace/external/agent_laws/GitTaskBench/queries/DeOldify_03/query.json
20260401-open8gpu-fullbench-v4-gpu03,/mnt/bn/xsc-f1526e9f/yongkang/workspace/_codex/experiments/agent_law_gittaskbench_runs/20260401-open8gpu-fullbench-v4-gpu03/run_manifest.json,Qwen__Qwen3-14B,DeScratch_01,DeScratch,failed_before_grading,False,False,,implicit_failed_before_grading,,/mnt/bn/xsc-f1526e9f/yongkang/workspace/external/agent_laws/GitTaskBench/queries/DeScratch_01/query.json
20260401-open8gpu-fullbench-v4-gpu03,/mnt/bn/xsc-f1526e9f/yongkang/workspace/_codex/experiments/agent_law_gittaskbench_runs/20260401-open8gpu-fullbench-v4-gpu03/run_manifest.json,Qwen__Qwen3-14B,DeScratch_02,DeScratch,failed_before_grading,False,False,,implicit_failed_before_grading,,/mnt/bn/xsc-f1526e9f/yongkang/workspace/external/agent_laws/GitTaskBench/queries/DeScratch_02/query.json
20260401-open8gpu-fullbench-v4-gpu03,/mnt/bn/xsc-f1526e9f/yongkang/workspace/_codex/experiments/agent_law_gittaskbench_runs/20260401-open8gpu-fullbench-v4-gpu03/run_manifest.json,Qwen__Qwen3-14B,DeScratch_03,DeScratch,failed_before_grading,False,False,,implicit_failed_before_grading,,/mnt/bn/xsc-f1526e9f/yongkang/workspace/external/agent_laws/GitTaskBench/queries/DeScratch_03/query.json
20260401-open8gpu-fullbench-v4-gpu03,/mnt/bn/xsc-f1526e9f/yongkang/workspace/_codex/experiments/agent_law_gittaskbench_runs/20260401-open8gpu-fullbench-v4-gpu03/run_manifest.json,Qwen__Qwen3-14B,Eparse_01,Eparse,graded_failed,True,False,"Prediction file contains 2 Excel data blocks
GT file contains 2 Excel data blocks
Filename match rate: 100.00%
File 'table_epa.xlsx' content similarity: 0.00%
File 'table_date.xlsx' content similarity: 0.00%
Average content similarity across all files: 0.00%
Final score (filename match 30.0% + content similarity 70.0%): 30.00% (threshold=75%)
❌ Test failed!",grade_summary,/mnt/bn/xsc-f1526e9f/yongkang/workspace/_codex/experiments/agent_law_gittaskbench_runs/20260401-open8gpu-fullbench-v4-gpu03/__mnt__bn__xsc-f1526e9f__yongkang__workspace__.memory_guard_lab__model_store__Qwen__Qwen3-14B/Eparse_01/grade/Eparse_01/result.jsonl,/mnt/bn/xsc-f1526e9f/yongkang/workspace/external/agent_laws/GitTaskBench/queries/Eparse_01/query.json
20260401-open8gpu-fullbench-v4-gpu03,/mnt/bn/xsc-f1526e9f/yongkang/workspace/_codex/experiments/agent_law_gittaskbench_runs/20260401-open8gpu-fullbench-v4-gpu03/run_manifest.json,Qwen__Qwen3-14B,Eparse_02,Eparse,graded,True,True,✅ Test passed! Content match rate=1.0000 ≥ 0.7. Matched fields: 360/360,grade_summary,/mnt/bn/xsc-f1526e9f/yongkang/workspace/_codex/experiments/agent_law_gittaskbench_runs/20260401-open8gpu-fullbench-v4-gpu03/__mnt__bn__xsc-f1526e9f__yongkang__workspace__.memory_guard_lab__model_store__Qwen__Qwen3-14B/Eparse_02/grade/Eparse_02/result.jsonl,/mnt/bn/xsc-f1526e9f/yongkang/workspace/external/agent_laws/GitTaskBench/queries/Eparse_02/query.json
20260401-open8gpu-fullbench-v4-gpu03,/mnt/bn/xsc-f1526e9f/yongkang/workspace/_codex/experiments/agent_law_gittaskbench_runs/20260401-open8gpu-fullbench-v4-gpu03/run_manifest.json,Qwen__Qwen3-14B,Eparse_03,Eparse,graded_failed,True,False,"✅ Similarity calculation complete: 0.0000 (39 GT cells, 0 predicted cells)",grade_summary,/mnt/bn/xsc-f1526e9f/yongkang/workspace/_codex/experiments/agent_law_gittaskbench_runs/20260401-open8gpu-fullbench-v4-gpu03/__mnt__bn__xsc-f1526e9f__yongkang__workspace__.memory_guard_lab__model_store__Qwen__Qwen3-14B/Eparse_03/grade/Eparse_03/result.jsonl,/mnt/bn/xsc-f1526e9f/yongkang/workspace/external/agent_laws/GitTaskBench/queries/Eparse_03/query.json
20260401-open8gpu-fullbench-v4-gpu03,/mnt/bn/xsc-f1526e9f/yongkang/workspace/_codex/experiments/agent_law_gittaskbench_runs/20260401-open8gpu-fullbench-v4-gpu03/run_manifest.json,Qwen__Qwen3-14B,Faker_01,Faker,graded,True,True,All user data validated successfully!,grade_summary,/mnt/bn/xsc-f1526e9f/yongkang/workspace/_codex/experiments/agent_law_gittaskbench_runs/20260401-open8gpu-fullbench-v4-gpu03/__mnt__bn__xsc-f1526e9f__yongkang__workspace__.memory_guard_lab__model_store__Qwen__Qwen3-14B/Faker_01/grade/Faker_01/result.jsonl,/mnt/bn/xsc-f1526e9f/yongkang/workspace/external/agent_laws/GitTaskBench/queries/Faker_01/query.json
20260401-open8gpu-fullbench-v4-gpu03,/mnt/bn/xsc-f1526e9f/yongkang/workspace/_codex/experiments/agent_law_gittaskbench_runs/20260401-open8gpu-fullbench-v4-gpu03/run_manifest.json,Qwen__Qwen3-14B,Faker_02,Faker,graded,True,True,All 5 company records passed structural and content checks.,grade_summary,/mnt/bn/xsc-f1526e9f/yongkang/workspace/_codex/experiments/agent_law_gittaskbench_runs/20260401-open8gpu-fullbench-v4-gpu03/__mnt__bn__xsc-f1526e9f__yongkang__workspace__.memory_guard_lab__model_store__Qwen__Qwen3-14B/Faker_02/grade/Faker_02/result.jsonl,/mnt/bn/xsc-f1526e9f/yongkang/workspace/external/agent_laws/GitTaskBench/queries/Faker_02/query.json
20260401-open8gpu-fullbench-v4-gpu03,/mnt/bn/xsc-f1526e9f/yongkang/workspace/_codex/experiments/agent_law_gittaskbench_runs/20260401-open8gpu-fullbench-v4-gpu03/run_manifest.json,Qwen__Qwen3-14B,Faker_03,Faker,graded,True,True,✅ Fake text replacement successful. Similarity 0.0222 below threshold.,grade_summary,/mnt/bn/xsc-f1526e9f/yongkang/workspace/_codex/experiments/agent_law_gittaskbench_runs/20260401-open8gpu-fullbench-v4-gpu03/__mnt__bn__xsc-f1526e9f__yongkang__workspace__.memory_guard_lab__model_store__Qwen__Qwen3-14B/Faker_03/grade/Faker_03/result.jsonl,/mnt/bn/xsc-f1526e9f/yongkang/workspace/external/agent_laws/GitTaskBench/queries/Faker_03/query.json
20260401-open8gpu-fullbench-v4-gpu03,/mnt/bn/xsc-f1526e9f/yongkang/workspace/_codex/experiments/agent_law_gittaskbench_runs/20260401-open8gpu-fullbench-v4-gpu03/run_manifest.json,Qwen__Qwen3-14B,FunASR_01,FunASR,failed_before_grading,False,False,,implicit_failed_before_grading,,/mnt/bn/xsc-f1526e9f/yongkang/workspace/external/agent_laws/GitTaskBench/queries/FunASR_01/query.json
20260401-open8gpu-fullbench-v4-gpu03,/mnt/bn/xsc-f1526e9f/yongkang/workspace/_codex/experiments/agent_law_gittaskbench_runs/20260401-open8gpu-fullbench-v4-gpu03/run_manifest.json,Qwen__Qwen3-14B,FunASR_02,FunASR,failed_before_grading,False,False,,implicit_failed_before_grading,,/mnt/bn/xsc-f1526e9f/yongkang/workspace/external/agent_laws/GitTaskBench/queries/FunASR_02/query.json
20260401-open8gpu-fullbench-v4-gpu03,/mnt/bn/xsc-f1526e9f/yongkang/workspace/_codex/experiments/agent_law_gittaskbench_runs/20260401-open8gpu-fullbench-v4-gpu03/run_manifest.json,Qwen__Qwen3-14B,FunASR_03,FunASR,grade_failed_retrying,False,False,,implicit_failed_before_grading,/mnt/bn/xsc-f1526e9f/yongkang/workspace/_codex/experiments/agent_law_gittaskbench_runs/20260401-open8gpu-fullbench-v4-gpu03/__mnt__bn__xsc-f1526e9f__yongkang__workspace__.memory_guard_lab__model_store__Qwen__Qwen3-14B/FunASR_03/grade/FunASR_03/result.jsonl,/mnt/bn/xsc-f1526e9f/yongkang/workspace/external/agent_laws/GitTaskBench/queries/FunASR_03/query.json
20260401-open8gpu-fullbench-v4-gpu03,/mnt/bn/xsc-f1526e9f/yongkang/workspace/_codex/experiments/agent_law_gittaskbench_runs/20260401-open8gpu-fullbench-v4-gpu03/run_manifest.json,Qwen__Qwen3-14B,InvisibleWatermark_01,InvisibleWatermark,failed_before_grading,False,False,,implicit_failed_before_grading,,/mnt/bn/xsc-f1526e9f/yongkang/workspace/external/agent_laws/GitTaskBench/queries/InvisibleWatermark_01/query.json
20260401-open8gpu-fullbench-v4-gpu03,/mnt/bn/xsc-f1526e9f/yongkang/workspace/_codex/experiments/agent_law_gittaskbench_runs/20260401-open8gpu-fullbench-v4-gpu03/run_manifest.json,Qwen__Qwen3-14B,InvisibleWatermark_02,InvisibleWatermark,failed_before_grading,False,False,,implicit_failed_before_grading,,/mnt/bn/xsc-f1526e9f/yongkang/workspace/external/agent_laws/GitTaskBench/queries/InvisibleWatermark_02/query.json
20260401-open8gpu-fullbench-v4-gpu03,/mnt/bn/xsc-f1526e9f/yongkang/workspace/_codex/experiments/agent_law_gittaskbench_runs/20260401-open8gpu-fullbench-v4-gpu03/run_manifest.json,Qwen__Qwen3-14B,InvisibleWatermark_03,InvisibleWatermark,failed_before_grading,False,False,,implicit_failed_before_grading,,/mnt/bn/xsc-f1526e9f/yongkang/workspace/external/agent_laws/GitTaskBench/queries/InvisibleWatermark_03/query.json
20260401-open8gpu-fullbench-v4-gpu03,/mnt/bn/xsc-f1526e9f/yongkang/workspace/_codex/experiments/agent_law_gittaskbench_runs/20260401-open8gpu-fullbench-v4-gpu03/run_manifest.json,Qwen__Qwen3-14B,NeuroKit_01,NeuroKit,failed_before_grading,False,False,,implicit_failed_before_grading,,/mnt/bn/xsc-f1526e9f/yongkang/workspace/external/agent_laws/GitTaskBench/queries/NeuroKit_01/query.json
20260401-open8gpu-fullbench-v4-gpu03,/mnt/bn/xsc-f1526e9f/yongkang/workspace/_codex/experiments/agent_law_gittaskbench_runs/20260401-open8gpu-fullbench-v4-gpu03/run_manifest.json,Qwen__Qwen3-14B,NeuroKit_02,NeuroKit,failed_before_grading,False,False,,implicit_failed_before_grading,,/mnt/bn/xsc-f1526e9f/yongkang/workspace/external/agent_laws/GitTaskBench/queries/NeuroKit_02/query.json
20260401-open8gpu-fullbench-v4-gpu03,/mnt/bn/xsc-f1526e9f/yongkang/workspace/_codex/experiments/agent_law_gittaskbench_runs/20260401-open8gpu-fullbench-v4-gpu03/run_manifest.json,Qwen__Qwen3-14B,NeuroKit_03,NeuroKit,failed_before_grading,False,False,,implicit_failed_before_grading,,/mnt/bn/xsc-f1526e9f/yongkang/workspace/external/agent_laws/GitTaskBench/queries/NeuroKit_03/query.json
20260401-open8gpu-fullbench-v4-gpu03,/mnt/bn/xsc-f1526e9f/yongkang/workspace/_codex/experiments/agent_law_gittaskbench_runs/20260401-open8gpu-fullbench-v4-gpu03/run_manifest.json,Qwen__Qwen3-14B,PDFPlumber_01,PDFPlumber,failed_before_grading,False,False,,implicit_failed_before_grading,,/mnt/bn/xsc-f1526e9f/yongkang/workspace/external/agent_laws/GitTaskBench/queries/PDFPlumber_01/query.json
20260401-open8gpu-fullbench-v4-gpu03,/mnt/bn/xsc-f1526e9f/yongkang/workspace/_codex/experiments/agent_law_gittaskbench_runs/20260401-open8gpu-fullbench-v4-gpu03/run_manifest.json,Qwen__Qwen3-14B,PDFPlumber_02,PDFPlumber,failed_before_grading,False,False,,implicit_failed_before_grading,,/mnt/bn/xsc-f1526e9f/yongkang/workspace/external/agent_laws/GitTaskBench/queries/PDFPlumber_02/query.json
20260401-open8gpu-fullbench-v4-gpu03,/mnt/bn/xsc-f1526e9f/yongkang/workspace/_codex/experiments/agent_law_gittaskbench_runs/20260401-open8gpu-fullbench-v4-gpu03/run_manifest.json,Qwen__Qwen3-14B,PDFPlumber_03,PDFPlumber,failed_before_grading,False,False,,implicit_failed_before_grading,,/mnt/bn/xsc-f1526e9f/yongkang/workspace/external/agent_laws/GitTaskBench/queries/PDFPlumber_03/query.json
20260401-open8gpu-fullbench-v4-gpu03,/mnt/bn/xsc-f1526e9f/yongkang/workspace/_codex/experiments/agent_law_gittaskbench_runs/20260401-open8gpu-fullbench-v4-gpu03/run_manifest.json,Qwen__Qwen3-14B,PyPDF2_01,PyPDF2,failed_before_grading,False,False,,implicit_failed_before_grading,,/mnt/bn/xsc-f1526e9f/yongkang/workspace/external/agent_laws/GitTaskBench/queries/PyPDF2_01/query.json
20260401-open8gpu-fullbench-v4-gpu03,/mnt/bn/xsc-f1526e9f/yongkang/workspace/_codex/experiments/agent_law_gittaskbench_runs/20260401-open8gpu-fullbench-v4-gpu03/run_manifest.json,Qwen__Qwen3-14B,PyPDF2_02,PyPDF2,failed_before_grading,False,False,,implicit_failed_before_grading,,/mnt/bn/xsc-f1526e9f/yongkang/workspace/external/agent_laws/GitTaskBench/queries/PyPDF2_02/query.json
20260401-open8gpu-fullbench-v4-gpu03,/mnt/bn/xsc-f1526e9f/yongkang/workspace/_codex/experiments/agent_law_gittaskbench_runs/20260401-open8gpu-fullbench-v4-gpu03/run_manifest.json,Qwen__Qwen3-14B,PyPDF2_03,PyPDF2,failed_before_grading,False,False,,implicit_failed_before_grading,,/mnt/bn/xsc-f1526e9f/yongkang/workspace/external/agent_laws/GitTaskBench/queries/PyPDF2_03/query.json
20260401-open8gpu-fullbench-v4-gpu03,/mnt/bn/xsc-f1526e9f/yongkang/workspace/_codex/experiments/agent_law_gittaskbench_runs/20260401-open8gpu-fullbench-v4-gpu03/run_manifest.json,Qwen__Qwen3-14B,Scrapy_01,Scrapy,failed_before_grading,False,False,,implicit_failed_before_grading,,/mnt/bn/xsc-f1526e9f/yongkang/workspace/external/agent_laws/GitTaskBench/queries/Scrapy_01/query.json
20260401-open8gpu-fullbench-v4-gpu03,/mnt/bn/xsc-f1526e9f/yongkang/workspace/_codex/experiments/agent_law_gittaskbench_runs/20260401-open8gpu-fullbench-v4-gpu03/run_manifest.json,Qwen__Qwen3-14B,Scrapy_02,Scrapy,failed_before_grading,False,False,,implicit_failed_before_grading,,/mnt/bn/xsc-f1526e9f/yongkang/workspace/external/agent_laws/GitTaskBench/queries/Scrapy_02/query.json
20260401-open8gpu-fullbench-v4-gpu03,/mnt/bn/xsc-f1526e9f/yongkang/workspace/_codex/experiments/agent_law_gittaskbench_runs/20260401-open8gpu-fullbench-v4-gpu03/run_manifest.json,Qwen__Qwen3-14B,Scrapy_03,Scrapy,failed_before_grading,False,False,,implicit_failed_before_grading,,/mnt/bn/xsc-f1526e9f/yongkang/workspace/external/agent_laws/GitTaskBench/queries/Scrapy_03/query.json
20260401-open8gpu-fullbench-v4-gpu03,/mnt/bn/xsc-f1526e9f/yongkang/workspace/_codex/experiments/agent_law_gittaskbench_runs/20260401-open8gpu-fullbench-v4-gpu03/run_manifest.json,Qwen__Qwen3-14B,SpeechBrain_01,SpeechBrain,failed_before_grading,False,False,,implicit_failed_before_grading,,/mnt/bn/xsc-f1526e9f/yongkang/workspace/external/agent_laws/GitTaskBench/queries/SpeechBrain_01/query.json
20260401-open8gpu-fullbench-v4-gpu03,/mnt/bn/xsc-f1526e9f/yongkang/workspace/_codex/experiments/agent_law_gittaskbench_runs/20260401-open8gpu-fullbench-v4-gpu03/run_manifest.json,Qwen__Qwen3-14B,SpeechBrain_02,SpeechBrain,failed_before_grading,False,False,,implicit_failed_before_grading,,/mnt/bn/xsc-f1526e9f/yongkang/workspace/external/agent_laws/GitTaskBench/queries/SpeechBrain_02/query.json
20260401-open8gpu-fullbench-v4-gpu03,/mnt/bn/xsc-f1526e9f/yongkang/workspace/_codex/experiments/agent_law_gittaskbench_runs/20260401-open8gpu-fullbench-v4-gpu03/run_manifest.json,Qwen__Qwen3-14B,SpeechBrain_03,SpeechBrain,failed_before_grading,False,False,,implicit_failed_before_grading,,/mnt/bn/xsc-f1526e9f/yongkang/workspace/external/agent_laws/GitTaskBench/queries/SpeechBrain_03/query.json
20260401-open8gpu-fullbench-v4-gpu03,/mnt/bn/xsc-f1526e9f/yongkang/workspace/_codex/experiments/agent_law_gittaskbench_runs/20260401-open8gpu-fullbench-v4-gpu03/run_manifest.json,Qwen__Qwen3-14B,SpeechBrain_04,SpeechBrain,failed_before_grading,False,False,,implicit_failed_before_grading,,/mnt/bn/xsc-f1526e9f/yongkang/workspace/external/agent_laws/GitTaskBench/queries/SpeechBrain_04/query.json
20260401-open8gpu-fullbench-v4-gpu03,/mnt/bn/xsc-f1526e9f/yongkang/workspace/_codex/experiments/agent_law_gittaskbench_runs/20260401-open8gpu-fullbench-v4-gpu03/run_manifest.json,Qwen__Qwen3-14B,SpeechBrain_05,SpeechBrain,failed_before_grading,False,False,,implicit_failed_before_grading,,/mnt/bn/xsc-f1526e9f/yongkang/workspace/external/agent_laws/GitTaskBench/queries/SpeechBrain_05/query.json
20260401-open8gpu-fullbench-v4-gpu03,/mnt/bn/xsc-f1526e9f/yongkang/workspace/_codex/experiments/agent_law_gittaskbench_runs/20260401-open8gpu-fullbench-v4-gpu03/run_manifest.json,Qwen__Qwen3-14B,Stegano_01,Stegano,failed_before_grading,False,False,,implicit_failed_before_grading,,/mnt/bn/xsc-f1526e9f/yongkang/workspace/external/agent_laws/GitTaskBench/queries/Stegano_01/query.json
20260401-open8gpu-fullbench-v4-gpu03,/mnt/bn/xsc-f1526e9f/yongkang/workspace/_codex/experiments/agent_law_gittaskbench_runs/20260401-open8gpu-fullbench-v4-gpu03/run_manifest.json,Qwen__Qwen3-14B,Stegano_02,Stegano,failed_before_grading,False,False,,implicit_failed_before_grading,,/mnt/bn/xsc-f1526e9f/yongkang/workspace/external/agent_laws/GitTaskBench/queries/Stegano_02/query.json
20260401-open8gpu-fullbench-v4-gpu03,/mnt/bn/xsc-f1526e9f/yongkang/workspace/_codex/experiments/agent_law_gittaskbench_runs/20260401-open8gpu-fullbench-v4-gpu03/run_manifest.json,Qwen__Qwen3-14B,Stegano_03,Stegano,failed_before_grading,False,False,,implicit_failed_before_grading,,/mnt/bn/xsc-f1526e9f/yongkang/workspace/external/agent_laws/GitTaskBench/queries/Stegano_03/query.json
20260401-open8gpu-fullbench-v4-gpu03,/mnt/bn/xsc-f1526e9f/yongkang/workspace/_codex/experiments/agent_law_gittaskbench_runs/20260401-open8gpu-fullbench-v4-gpu03/run_manifest.json,Qwen__Qwen3-14B,StyleTransfer_01,StyleTransfer,failed_before_grading,False,False,,implicit_failed_before_grading,,/mnt/bn/xsc-f1526e9f/yongkang/workspace/external/agent_laws/GitTaskBench/queries/StyleTransfer_01/query.json
20260401-open8gpu-fullbench-v4-gpu03,/mnt/bn/xsc-f1526e9f/yongkang/workspace/_codex/experiments/agent_law_gittaskbench_runs/20260401-open8gpu-fullbench-v4-gpu03/run_manifest.json,Qwen__Qwen3-14B,StyleTransfer_02,StyleTransfer,failed_before_grading,False,False,,implicit_failed_before_grading,,/mnt/bn/xsc-f1526e9f/yongkang/workspace/external/agent_laws/GitTaskBench/queries/StyleTransfer_02/query.json
20260401-open8gpu-fullbench-v4-gpu03,/mnt/bn/xsc-f1526e9f/yongkang/workspace/_codex/experiments/agent_law_gittaskbench_runs/20260401-open8gpu-fullbench-v4-gpu03/run_manifest.json,Qwen__Qwen3-14B,StyleTransfer_03,StyleTransfer,failed_before_grading,False,False,,implicit_failed_before_grading,,/mnt/bn/xsc-f1526e9f/yongkang/workspace/external/agent_laws/GitTaskBench/queries/StyleTransfer_03/query.json
20260401-open8gpu-fullbench-v4-gpu03,/mnt/bn/xsc-f1526e9f/yongkang/workspace/_codex/experiments/agent_law_gittaskbench_runs/20260401-open8gpu-fullbench-v4-gpu03/run_manifest.json,Qwen__Qwen3-14B,SuperResolution_01,SuperResolution,failed_before_grading,False,False,,implicit_failed_before_grading,,/mnt/bn/xsc-f1526e9f/yongkang/workspace/external/agent_laws/GitTaskBench/queries/SuperResolution_01/query.json
20260401-open8gpu-fullbench-v4-gpu03,/mnt/bn/xsc-f1526e9f/yongkang/workspace/_codex/experiments/agent_law_gittaskbench_runs/20260401-open8gpu-fullbench-v4-gpu03/run_manifest.json,Qwen__Qwen3-14B,SuperResolution_02,SuperResolution,failed_before_grading,False,False,,implicit_failed_before_grading,,/mnt/bn/xsc-f1526e9f/yongkang/workspace/external/agent_laws/GitTaskBench/queries/SuperResolution_02/query.json
20260401-open8gpu-fullbench-v4-gpu03,/mnt/bn/xsc-f1526e9f/yongkang/workspace/_codex/experiments/agent_law_gittaskbench_runs/20260401-open8gpu-fullbench-v4-gpu03/run_manifest.json,Qwen__Qwen3-14B,SuperResolution_03,SuperResolution,failed_before_grading,False,False,,implicit_failed_before_grading,,/mnt/bn/xsc-f1526e9f/yongkang/workspace/external/agent_laws/GitTaskBench/queries/SuperResolution_03/query.json
20260401-open8gpu-fullbench-v4-gpu03,/mnt/bn/xsc-f1526e9f/yongkang/workspace/_codex/experiments/agent_law_gittaskbench_runs/20260401-open8gpu-fullbench-v4-gpu03/run_manifest.json,Qwen__Qwen3-14B,Trafilatura_01,Trafilatura,failed_before_grading,False,False,,implicit_failed_before_grading,,/mnt/bn/xsc-f1526e9f/yongkang/workspace/external/agent_laws/GitTaskBench/queries/Trafilatura_01/query.json
20260401-open8gpu-fullbench-v4-gpu03,/mnt/bn/xsc-f1526e9f/yongkang/workspace/_codex/experiments/agent_law_gittaskbench_runs/20260401-open8gpu-fullbench-v4-gpu03/run_manifest.json,Qwen__Qwen3-14B,Trafilatura_02,Trafilatura,failed_before_grading,False,False,,implicit_failed_before_grading,,/mnt/bn/xsc-f1526e9f/yongkang/workspace/external/agent_laws/GitTaskBench/queries/Trafilatura_02/query.json
20260401-open8gpu-fullbench-v4-gpu03,/mnt/bn/xsc-f1526e9f/yongkang/workspace/_codex/experiments/agent_law_gittaskbench_runs/20260401-open8gpu-fullbench-v4-gpu03/run_manifest.json,Qwen__Qwen3-14B,Trafilatura_03,Trafilatura,failed_before_grading,False,False,,implicit_failed_before_grading,,/mnt/bn/xsc-f1526e9f/yongkang/workspace/external/agent_laws/GitTaskBench/queries/Trafilatura_03/query.json
20260401-open8gpu-fullbench-v4-gpu03,/mnt/bn/xsc-f1526e9f/yongkang/workspace/_codex/experiments/agent_law_gittaskbench_runs/20260401-open8gpu-fullbench-v4-gpu03/run_manifest.json,Qwen__Qwen3-14B,TransparentBackground_01,TransparentBackground,failed_before_grading,False,False,,implicit_failed_before_grading,,/mnt/bn/xsc-f1526e9f/yongkang/workspace/external/agent_laws/GitTaskBench/queries/TransparentBackground_01/query.json
20260401-open8gpu-fullbench-v4-gpu03,/mnt/bn/xsc-f1526e9f/yongkang/workspace/_codex/experiments/agent_law_gittaskbench_runs/20260401-open8gpu-fullbench-v4-gpu03/run_manifest.json,Qwen__Qwen3-14B,TransparentBackground_02,TransparentBackground,failed_before_grading,False,False,,implicit_failed_before_grading,,/mnt/bn/xsc-f1526e9f/yongkang/workspace/external/agent_laws/GitTaskBench/queries/TransparentBackground_02/query.json
20260401-open8gpu-fullbench-v4-gpu03,/mnt/bn/xsc-f1526e9f/yongkang/workspace/_codex/experiments/agent_law_gittaskbench_runs/20260401-open8gpu-fullbench-v4-gpu03/run_manifest.json,Qwen__Qwen3-14B,TransparentBackground_03,TransparentBackground,failed_before_grading,False,False,,implicit_failed_before_grading,,/mnt/bn/xsc-f1526e9f/yongkang/workspace/external/agent_laws/GitTaskBench/queries/TransparentBackground_03/query.json
20260401-open8gpu-fullbench-v4-gpu03,/mnt/bn/xsc-f1526e9f/yongkang/workspace/_codex/experiments/agent_law_gittaskbench_runs/20260401-open8gpu-fullbench-v4-gpu03/run_manifest.json,Qwen__Qwen3-14B,VideoPose3D_01,VideoPose3D,failed_before_grading,False,False,,implicit_failed_before_grading,,/mnt/bn/xsc-f1526e9f/yongkang/workspace/external/agent_laws/GitTaskBench/queries/VideoPose3D_01/query.json
20260401-open8gpu-fullbench-v4-gpu04,/mnt/bn/xsc-f1526e9f/yongkang/workspace/_codex/experiments/agent_law_gittaskbench_runs/20260401-open8gpu-fullbench-v4-gpu04/run_manifest.json,Qwen__Qwen3-32B,AnimeGANv3_01,AnimeGANv3,failed_before_grading,False,False,,implicit_failed_before_grading,,/mnt/bn/xsc-f1526e9f/yongkang/workspace/external/agent_laws/GitTaskBench/queries/AnimeGANv3_01/query.json
20260401-open8gpu-fullbench-v4-gpu04,/mnt/bn/xsc-f1526e9f/yongkang/workspace/_codex/experiments/agent_law_gittaskbench_runs/20260401-open8gpu-fullbench-v4-gpu04/run_manifest.json,Qwen__Qwen3-32B,AnimeGANv3_02,AnimeGANv3,failed_before_grading,False,False,,implicit_failed_before_grading,,/mnt/bn/xsc-f1526e9f/yongkang/workspace/external/agent_laws/GitTaskBench/queries/AnimeGANv3_02/query.json
20260401-open8gpu-fullbench-v4-gpu04,/mnt/bn/xsc-f1526e9f/yongkang/workspace/_codex/experiments/agent_law_gittaskbench_runs/20260401-open8gpu-fullbench-v4-gpu04/run_manifest.json,Qwen__Qwen3-32B,AnimeGANv3_03,AnimeGANv3,failed_before_grading,False,False,,implicit_failed_before_grading,,/mnt/bn/xsc-f1526e9f/yongkang/workspace/external/agent_laws/GitTaskBench/queries/AnimeGANv3_03/query.json
20260401-open8gpu-fullbench-v4-gpu04,/mnt/bn/xsc-f1526e9f/yongkang/workspace/_codex/experiments/agent_law_gittaskbench_runs/20260401-open8gpu-fullbench-v4-gpu04/run_manifest.json,Qwen__Qwen3-32B,DeOldify_01,DeOldify,failed_before_grading,False,False,,implicit_failed_before_grading,,/mnt/bn/xsc-f1526e9f/yongkang/workspace/external/agent_laws/GitTaskBench/queries/DeOldify_01/query.json
20260401-open8gpu-fullbench-v4-gpu04,/mnt/bn/xsc-f1526e9f/yongkang/workspace/_codex/experiments/agent_law_gittaskbench_runs/20260401-open8gpu-fullbench-v4-gpu04/run_manifest.json,Qwen__Qwen3-32B,DeOldify_02,DeOldify,failed_before_grading,False,False,,implicit_failed_before_grading,,/mnt/bn/xsc-f1526e9f/yongkang/workspace/external/agent_laws/GitTaskBench/queries/DeOldify_02/query.json
20260401-open8gpu-fullbench-v4-gpu04,/mnt/bn/xsc-f1526e9f/yongkang/workspace/_codex/experiments/agent_law_gittaskbench_runs/20260401-open8gpu-fullbench-v4-gpu04/run_manifest.json,Qwen__Qwen3-32B,DeOldify_03,DeOldify,failed_before_grading,False,False,,implicit_failed_before_grading,,/mnt/bn/xsc-f1526e9f/yongkang/workspace/external/agent_laws/GitTaskBench/queries/DeOldify_03/query.json
20260401-open8gpu-fullbench-v4-gpu04,/mnt/bn/xsc-f1526e9f/yongkang/workspace/_codex/experiments/agent_law_gittaskbench_runs/20260401-open8gpu-fullbench-v4-gpu04/run_manifest.json,Qwen__Qwen3-32B,DeScratch_01,DeScratch,failed_before_grading,False,False,,implicit_failed_before_grading,,/mnt/bn/xsc-f1526e9f/yongkang/workspace/external/agent_laws/GitTaskBench/queries/DeScratch_01/query.json
20260401-open8gpu-fullbench-v4-gpu04,/mnt/bn/xsc-f1526e9f/yongkang/workspace/_codex/experiments/agent_law_gittaskbench_runs/20260401-open8gpu-fullbench-v4-gpu04/run_manifest.json,Qwen__Qwen3-32B,DeScratch_02,DeScratch,failed_before_grading,False,False,,implicit_failed_before_grading,,/mnt/bn/xsc-f1526e9f/yongkang/workspace/external/agent_laws/GitTaskBench/queries/DeScratch_02/query.json
20260401-open8gpu-fullbench-v4-gpu04,/mnt/bn/xsc-f1526e9f/yongkang/workspace/_codex/experiments/agent_law_gittaskbench_runs/20260401-open8gpu-fullbench-v4-gpu04/run_manifest.json,Qwen__Qwen3-32B,DeScratch_03,DeScratch,failed_before_grading,False,False,,implicit_failed_before_grading,,/mnt/bn/xsc-f1526e9f/yongkang/workspace/external/agent_laws/GitTaskBench/queries/DeScratch_03/query.json
20260401-open8gpu-fullbench-v4-gpu04,/mnt/bn/xsc-f1526e9f/yongkang/workspace/_codex/experiments/agent_law_gittaskbench_runs/20260401-open8gpu-fullbench-v4-gpu04/run_manifest.json,Qwen__Qwen3-32B,Eparse_01,Eparse,failed_before_grading,False,False,,implicit_failed_before_grading,,/mnt/bn/xsc-f1526e9f/yongkang/workspace/external/agent_laws/GitTaskBench/queries/Eparse_01/query.json
20260401-open8gpu-fullbench-v4-gpu04,/mnt/bn/xsc-f1526e9f/yongkang/workspace/_codex/experiments/agent_law_gittaskbench_runs/20260401-open8gpu-fullbench-v4-gpu04/run_manifest.json,Qwen__Qwen3-32B,Eparse_02,Eparse,failed_before_grading,False,False,,implicit_failed_before_grading,,/mnt/bn/xsc-f1526e9f/yongkang/workspace/external/agent_laws/GitTaskBench/queries/Eparse_02/query.json
20260401-open8gpu-fullbench-v4-gpu04,/mnt/bn/xsc-f1526e9f/yongkang/workspace/_codex/experiments/agent_law_gittaskbench_runs/20260401-open8gpu-fullbench-v4-gpu04/run_manifest.json,Qwen__Qwen3-32B,Eparse_03,Eparse,failed_before_grading,False,False,,implicit_failed_before_grading,,/mnt/bn/xsc-f1526e9f/yongkang/workspace/external/agent_laws/GitTaskBench/queries/Eparse_03/query.json
20260401-open8gpu-fullbench-v4-gpu04,/mnt/bn/xsc-f1526e9f/yongkang/workspace/_codex/experiments/agent_law_gittaskbench_runs/20260401-open8gpu-fullbench-v4-gpu04/run_manifest.json,Qwen__Qwen3-32B,Faker_01,Faker,failed_before_grading,False,False,,implicit_failed_before_grading,,/mnt/bn/xsc-f1526e9f/yongkang/workspace/external/agent_laws/GitTaskBench/queries/Faker_01/query.json
20260401-open8gpu-fullbench-v4-gpu04,/mnt/bn/xsc-f1526e9f/yongkang/workspace/_codex/experiments/agent_law_gittaskbench_runs/20260401-open8gpu-fullbench-v4-gpu04/run_manifest.json,Qwen__Qwen3-32B,Faker_02,Faker,graded,True,True,All 5 company records passed structural and content checks.,grade_summary,/mnt/bn/xsc-f1526e9f/yongkang/workspace/_codex/experiments/agent_law_gittaskbench_runs/20260401-open8gpu-fullbench-v4-gpu04/__mnt__bn__xsc-f1526e9f__yongkang__workspace__.memory_guard_lab__model_store__Qwen__Qwen3-32B/Faker_02/grade/Faker_02/result.jsonl,/mnt/bn/xsc-f1526e9f/yongkang/workspace/external/agent_laws/GitTaskBench/queries/Faker_02/query.json
20260401-open8gpu-fullbench-v4-gpu04,/mnt/bn/xsc-f1526e9f/yongkang/workspace/_codex/experiments/agent_law_gittaskbench_runs/20260401-open8gpu-fullbench-v4-gpu04/run_manifest.json,Qwen__Qwen3-32B,Faker_03,Faker,failed_before_grading,False,False,,implicit_failed_before_grading,,/mnt/bn/xsc-f1526e9f/yongkang/workspace/external/agent_laws/GitTaskBench/queries/Faker_03/query.json
20260401-open8gpu-fullbench-v4-gpu04,/mnt/bn/xsc-f1526e9f/yongkang/workspace/_codex/experiments/agent_law_gittaskbench_runs/20260401-open8gpu-fullbench-v4-gpu04/run_manifest.json,Qwen__Qwen3-32B,FunASR_01,FunASR,failed_before_grading,False,False,,implicit_failed_before_grading,,/mnt/bn/xsc-f1526e9f/yongkang/workspace/external/agent_laws/GitTaskBench/queries/FunASR_01/query.json
20260401-open8gpu-fullbench-v4-gpu04,/mnt/bn/xsc-f1526e9f/yongkang/workspace/_codex/experiments/agent_law_gittaskbench_runs/20260401-open8gpu-fullbench-v4-gpu04/run_manifest.json,Qwen__Qwen3-32B,FunASR_02,FunASR,failed_before_grading,False,False,,implicit_failed_before_grading,,/mnt/bn/xsc-f1526e9f/yongkang/workspace/external/agent_laws/GitTaskBench/queries/FunASR_02/query.json
20260401-open8gpu-fullbench-v4-gpu04,/mnt/bn/xsc-f1526e9f/yongkang/workspace/_codex/experiments/agent_law_gittaskbench_runs/20260401-open8gpu-fullbench-v4-gpu04/run_manifest.json,Qwen__Qwen3-32B,FunASR_03,FunASR,failed_before_grading,False,False,,implicit_failed_before_grading,,/mnt/bn/xsc-f1526e9f/yongkang/workspace/external/agent_laws/GitTaskBench/queries/FunASR_03/query.json
20260401-open8gpu-fullbench-v4-gpu04,/mnt/bn/xsc-f1526e9f/yongkang/workspace/_codex/experiments/agent_law_gittaskbench_runs/20260401-open8gpu-fullbench-v4-gpu04/run_manifest.json,Qwen__Qwen3-32B,InvisibleWatermark_01,InvisibleWatermark,failed_before_grading,False,False,,implicit_failed_before_grading,,/mnt/bn/xsc-f1526e9f/yongkang/workspace/external/agent_laws/GitTaskBench/queries/InvisibleWatermark_01/query.json
20260401-open8gpu-fullbench-v4-gpu04,/mnt/bn/xsc-f1526e9f/yongkang/workspace/_codex/experiments/agent_law_gittaskbench_runs/20260401-open8gpu-fullbench-v4-gpu04/run_manifest.json,Qwen__Qwen3-32B,InvisibleWatermark_02,InvisibleWatermark,failed_before_grading,False,False,,implicit_failed_before_grading,,/mnt/bn/xsc-f1526e9f/yongkang/workspace/external/agent_laws/GitTaskBench/queries/InvisibleWatermark_02/query.json
20260401-open8gpu-fullbench-v4-gpu04,/mnt/bn/xsc-f1526e9f/yongkang/workspace/_codex/experiments/agent_law_gittaskbench_runs/20260401-open8gpu-fullbench-v4-gpu04/run_manifest.json,Qwen__Qwen3-32B,InvisibleWatermark_03,InvisibleWatermark,failed_before_grading,False,False,,implicit_failed_before_grading,,/mnt/bn/xsc-f1526e9f/yongkang/workspace/external/agent_laws/GitTaskBench/queries/InvisibleWatermark_03/query.json
20260401-open8gpu-fullbench-v4-gpu04,/mnt/bn/xsc-f1526e9f/yongkang/workspace/_codex/experiments/agent_law_gittaskbench_runs/20260401-open8gpu-fullbench-v4-gpu04/run_manifest.json,Qwen__Qwen3-32B,NeuroKit_01,NeuroKit,failed_before_grading,False,False,,implicit_failed_before_grading,,/mnt/bn/xsc-f1526e9f/yongkang/workspace/external/agent_laws/GitTaskBench/queries/NeuroKit_01/query.json
20260401-open8gpu-fullbench-v4-gpu04,/mnt/bn/xsc-f1526e9f/yongkang/workspace/_codex/experiments/agent_law_gittaskbench_runs/20260401-open8gpu-fullbench-v4-gpu04/run_manifest.json,Qwen__Qwen3-32B,NeuroKit_02,NeuroKit,failed_before_grading,False,False,,implicit_failed_before_grading,,/mnt/bn/xsc-f1526e9f/yongkang/workspace/external/agent_laws/GitTaskBench/queries/NeuroKit_02/query.json
20260401-open8gpu-fullbench-v4-gpu04,/mnt/bn/xsc-f1526e9f/yongkang/workspace/_codex/experiments/agent_law_gittaskbench_runs/20260401-open8gpu-fullbench-v4-gpu04/run_manifest.json,Qwen__Qwen3-32B,NeuroKit_03,NeuroKit,failed_before_grading,False,False,,implicit_failed_before_grading,,/mnt/bn/xsc-f1526e9f/yongkang/workspace/external/agent_laws/GitTaskBench/queries/NeuroKit_03/query.json
20260401-open8gpu-fullbench-v4-gpu04,/mnt/bn/xsc-f1526e9f/yongkang/workspace/_codex/experiments/agent_law_gittaskbench_runs/20260401-open8gpu-fullbench-v4-gpu04/run_manifest.json,Qwen__Qwen3-32B,PDFPlumber_01,PDFPlumber,graded,True,True,,grade_summary,/mnt/bn/xsc-f1526e9f/yongkang/workspace/_codex/experiments/agent_law_gittaskbench_runs/20260401-open8gpu-fullbench-v4-gpu04/__mnt__bn__xsc-f1526e9f__yongkang__workspace__.memory_guard_lab__model_store__Qwen__Qwen3-32B/PDFPlumber_01/grade/PDFPlumber_01/result.jsonl,/mnt/bn/xsc-f1526e9f/yongkang/workspace/external/agent_laws/GitTaskBench/queries/PDFPlumber_01/query.json
20260401-open8gpu-fullbench-v4-gpu04,/mnt/bn/xsc-f1526e9f/yongkang/workspace/_codex/experiments/agent_law_gittaskbench_runs/20260401-open8gpu-fullbench-v4-gpu04/run_manifest.json,Qwen__Qwen3-32B,PDFPlumber_02,PDFPlumber,graded_failed,True,False,"✅ Column names and order match.
Overall cell-by-cell match rate: 64.92% (threshold=75%)
❌ Test failed!",grade_summary,/mnt/bn/xsc-f1526e9f/yongkang/workspace/_codex/experiments/agent_law_gittaskbench_runs/20260401-open8gpu-fullbench-v4-gpu04/__mnt__bn__xsc-f1526e9f__yongkang__workspace__.memory_guard_lab__model_store__Qwen__Qwen3-32B/PDFPlumber_02/grade/PDFPlumber_02/result.jsonl,/mnt/bn/xsc-f1526e9f/yongkang/workspace/external/agent_laws/GitTaskBench/queries/PDFPlumber_02/query.json
20260401-open8gpu-fullbench-v4-gpu04,/mnt/bn/xsc-f1526e9f/yongkang/workspace/_codex/experiments/agent_law_gittaskbench_runs/20260401-open8gpu-fullbench-v4-gpu04/run_manifest.json,Qwen__Qwen3-32B,PDFPlumber_03,PDFPlumber,graded,True,True,"Precision: 100.00%, Recall: 100.00%, F1: 100.00%
True Positives: 1, False Positives: 0, False Negatives: 0
False Positives: []
False Negatives: []
✅ Test passed!",grade_summary,/mnt/bn/xsc-f1526e9f/yongkang/workspace/_codex/experiments/agent_law_gittaskbench_runs/20260401-open8gpu-fullbench-v4-gpu04/__mnt__bn__xsc-f1526e9f__yongkang__workspace__.memory_guard_lab__model_store__Qwen__Qwen3-32B/PDFPlumber_03/grade/PDFPlumber_03/result.jsonl,/mnt/bn/xsc-f1526e9f/yongkang/workspace/external/agent_laws/GitTaskBench/queries/PDFPlumber_03/query.json
20260401-open8gpu-fullbench-v4-gpu04,/mnt/bn/xsc-f1526e9f/yongkang/workspace/_codex/experiments/agent_law_gittaskbench_runs/20260401-open8gpu-fullbench-v4-gpu04/run_manifest.json,Qwen__Qwen3-32B,PyPDF2_01,PyPDF2,failed_before_grading,False,False,,implicit_failed_before_grading,,/mnt/bn/xsc-f1526e9f/yongkang/workspace/external/agent_laws/GitTaskBench/queries/PyPDF2_01/query.json
20260401-open8gpu-fullbench-v4-gpu04,/mnt/bn/xsc-f1526e9f/yongkang/workspace/_codex/experiments/agent_law_gittaskbench_runs/20260401-open8gpu-fullbench-v4-gpu04/run_manifest.json,Qwen__Qwen3-32B,PyPDF2_02,PyPDF2,grade_failed_retrying,False,False,,implicit_failed_before_grading,/mnt/bn/xsc-f1526e9f/yongkang/workspace/_codex/experiments/agent_law_gittaskbench_runs/20260401-open8gpu-fullbench-v4-gpu04/__mnt__bn__xsc-f1526e9f__yongkang__workspace__.memory_guard_lab__model_store__Qwen__Qwen3-32B/PyPDF2_02/grade/PyPDF2_02/result.jsonl,/mnt/bn/xsc-f1526e9f/yongkang/workspace/external/agent_laws/GitTaskBench/queries/PyPDF2_02/query.json
20260401-open8gpu-fullbench-v4-gpu04,/mnt/bn/xsc-f1526e9f/yongkang/workspace/_codex/experiments/agent_law_gittaskbench_runs/20260401-open8gpu-fullbench-v4-gpu04/run_manifest.json,Qwen__Qwen3-32B,PyPDF2_03,PyPDF2,failed_before_grading,False,False,,implicit_failed_before_grading,,/mnt/bn/xsc-f1526e9f/yongkang/workspace/external/agent_laws/GitTaskBench/queries/PyPDF2_03/query.json
20260401-open8gpu-fullbench-v4-gpu04,/mnt/bn/xsc-f1526e9f/yongkang/workspace/_codex/experiments/agent_law_gittaskbench_runs/20260401-open8gpu-fullbench-v4-gpu04/run_manifest.json,Qwen__Qwen3-32B,Scrapy_01,Scrapy,graded_failed,True,False,Runtime error: Expecting value: line 1 column 2 (char 1),grade_summary,/mnt/bn/xsc-f1526e9f/yongkang/workspace/_codex/experiments/agent_law_gittaskbench_runs/20260401-open8gpu-fullbench-v4-gpu04/__mnt__bn__xsc-f1526e9f__yongkang__workspace__.memory_guard_lab__model_store__Qwen__Qwen3-32B/Scrapy_01/grade/Scrapy_01/result.jsonl,/mnt/bn/xsc-f1526e9f/yongkang/workspace/external/agent_laws/GitTaskBench/queries/Scrapy_01/query.json
20260401-open8gpu-fullbench-v4-gpu04,/mnt/bn/xsc-f1526e9f/yongkang/workspace/_codex/experiments/agent_law_gittaskbench_runs/20260401-open8gpu-fullbench-v4-gpu04/run_manifest.json,Qwen__Qwen3-32B,Scrapy_02,Scrapy,failed_before_grading,False,False,,implicit_failed_before_grading,,/mnt/bn/xsc-f1526e9f/yongkang/workspace/external/agent_laws/GitTaskBench/queries/Scrapy_02/query.json
20260401-open8gpu-fullbench-v4-gpu04,/mnt/bn/xsc-f1526e9f/yongkang/workspace/_codex/experiments/agent_law_gittaskbench_runs/20260401-open8gpu-fullbench-v4-gpu04/run_manifest.json,Qwen__Qwen3-32B,Scrapy_03,Scrapy,graded_failed,True,False,"Prediction XML parsing failed, could not extract valid records",grade_summary,/mnt/bn/xsc-f1526e9f/yongkang/workspace/_codex/experiments/agent_law_gittaskbench_runs/20260401-open8gpu-fullbench-v4-gpu04/__mnt__bn__xsc-f1526e9f__yongkang__workspace__.memory_guard_lab__model_store__Qwen__Qwen3-32B/Scrapy_03/grade/Scrapy_03/result.jsonl,/mnt/bn/xsc-f1526e9f/yongkang/workspace/external/agent_laws/GitTaskBench/queries/Scrapy_03/query.json
20260401-open8gpu-fullbench-v4-gpu04,/mnt/bn/xsc-f1526e9f/yongkang/workspace/_codex/experiments/agent_law_gittaskbench_runs/20260401-open8gpu-fullbench-v4-gpu04/run_manifest.json,Qwen__Qwen3-32B,SpeechBrain_01,SpeechBrain,failed_before_grading,False,False,,implicit_failed_before_grading,,/mnt/bn/xsc-f1526e9f/yongkang/workspace/external/agent_laws/GitTaskBench/queries/SpeechBrain_01/query.json
20260401-open8gpu-fullbench-v4-gpu04,/mnt/bn/xsc-f1526e9f/yongkang/workspace/_codex/experiments/agent_law_gittaskbench_runs/20260401-open8gpu-fullbench-v4-gpu04/run_manifest.json,Qwen__Qwen3-32B,SpeechBrain_02,SpeechBrain,failed_before_grading,False,False,,implicit_failed_before_grading,,/mnt/bn/xsc-f1526e9f/yongkang/workspace/external/agent_laws/GitTaskBench/queries/SpeechBrain_02/query.json
20260401-open8gpu-fullbench-v4-gpu04,/mnt/bn/xsc-f1526e9f/yongkang/workspace/_codex/experiments/agent_law_gittaskbench_runs/20260401-open8gpu-fullbench-v4-gpu04/run_manifest.json,Qwen__Qwen3-32B,SpeechBrain_03,SpeechBrain,failed_before_grading,False,False,,implicit_failed_before_grading,,/mnt/bn/xsc-f1526e9f/yongkang/workspace/external/agent_laws/GitTaskBench/queries/SpeechBrain_03/query.json
20260401-open8gpu-fullbench-v4-gpu04,/mnt/bn/xsc-f1526e9f/yongkang/workspace/_codex/experiments/agent_law_gittaskbench_runs/20260401-open8gpu-fullbench-v4-gpu04/run_manifest.json,Qwen__Qwen3-32B,SpeechBrain_04,SpeechBrain,grade_failed_retrying,False,False,,implicit_failed_before_grading,/mnt/bn/xsc-f1526e9f/yongkang/workspace/_codex/experiments/agent_law_gittaskbench_runs/20260401-open8gpu-fullbench-v4-gpu04/__mnt__bn__xsc-f1526e9f__yongkang__workspace__.memory_guard_lab__model_store__Qwen__Qwen3-32B/SpeechBrain_04/grade/SpeechBrain_04/result.jsonl,/mnt/bn/xsc-f1526e9f/yongkang/workspace/external/agent_laws/GitTaskBench/queries/SpeechBrain_04/query.json
20260401-open8gpu-fullbench-v4-gpu04,/mnt/bn/xsc-f1526e9f/yongkang/workspace/_codex/experiments/agent_law_gittaskbench_runs/20260401-open8gpu-fullbench-v4-gpu04/run_manifest.json,Qwen__Qwen3-32B,SpeechBrain_05,SpeechBrain,graded,True,True,"Comparison result: Match
",grade_summary,/mnt/bn/xsc-f1526e9f/yongkang/workspace/_codex/experiments/agent_law_gittaskbench_runs/20260401-open8gpu-fullbench-v4-gpu04/__mnt__bn__xsc-f1526e9f__yongkang__workspace__.memory_guard_lab__model_store__Qwen__Qwen3-32B/SpeechBrain_05/grade/SpeechBrain_05/result.jsonl,/mnt/bn/xsc-f1526e9f/yongkang/workspace/external/agent_laws/GitTaskBench/queries/SpeechBrain_05/query.json
20260401-open8gpu-fullbench-v4-gpu04,/mnt/bn/xsc-f1526e9f/yongkang/workspace/_codex/experiments/agent_law_gittaskbench_runs/20260401-open8gpu-fullbench-v4-gpu04/run_manifest.json,Qwen__Qwen3-32B,Stegano_01,Stegano,failed_before_grading,False,False,,implicit_failed_before_grading,,/mnt/bn/xsc-f1526e9f/yongkang/workspace/external/agent_laws/GitTaskBench/queries/Stegano_01/query.json
20260401-open8gpu-fullbench-v4-gpu04,/mnt/bn/xsc-f1526e9f/yongkang/workspace/_codex/experiments/agent_law_gittaskbench_runs/20260401-open8gpu-fullbench-v4-gpu04/run_manifest.json,Qwen__Qwen3-32B,Stegano_02,Stegano,failed_before_grading,False,False,,implicit_failed_before_grading,,/mnt/bn/xsc-f1526e9f/yongkang/workspace/external/agent_laws/GitTaskBench/queries/Stegano_02/query.json
20260401-open8gpu-fullbench-v4-gpu04,/mnt/bn/xsc-f1526e9f/yongkang/workspace/_codex/experiments/agent_law_gittaskbench_runs/20260401-open8gpu-fullbench-v4-gpu04/run_manifest.json,Qwen__Qwen3-32B,Stegano_03,Stegano,failed_before_grading,False,False,,implicit_failed_before_grading,,/mnt/bn/xsc-f1526e9f/yongkang/workspace/external/agent_laws/GitTaskBench/queries/Stegano_03/query.json
20260401-open8gpu-fullbench-v4-gpu04,/mnt/bn/xsc-f1526e9f/yongkang/workspace/_codex/experiments/agent_law_gittaskbench_runs/20260401-open8gpu-fullbench-v4-gpu04/run_manifest.json,Qwen__Qwen3-32B,StyleTransfer_01,StyleTransfer,failed_before_grading,False,False,,implicit_failed_before_grading,,/mnt/bn/xsc-f1526e9f/yongkang/workspace/external/agent_laws/GitTaskBench/queries/StyleTransfer_01/query.json
20260401-open8gpu-fullbench-v4-gpu04,/mnt/bn/xsc-f1526e9f/yongkang/workspace/_codex/experiments/agent_law_gittaskbench_runs/20260401-open8gpu-fullbench-v4-gpu04/run_manifest.json,Qwen__Qwen3-32B,StyleTransfer_02,StyleTransfer,failed_before_grading,False,False,,implicit_failed_before_grading,,/mnt/bn/xsc-f1526e9f/yongkang/workspace/external/agent_laws/GitTaskBench/queries/StyleTransfer_02/query.json
20260401-open8gpu-fullbench-v4-gpu04,/mnt/bn/xsc-f1526e9f/yongkang/workspace/_codex/experiments/agent_law_gittaskbench_runs/20260401-open8gpu-fullbench-v4-gpu04/run_manifest.json,Qwen__Qwen3-32B,StyleTransfer_03,StyleTransfer,failed_before_grading,False,False,,implicit_failed_before_grading,,/mnt/bn/xsc-f1526e9f/yongkang/workspace/external/agent_laws/GitTaskBench/queries/StyleTransfer_03/query.json
20260401-open8gpu-fullbench-v4-gpu04,/mnt/bn/xsc-f1526e9f/yongkang/workspace/_codex/experiments/agent_law_gittaskbench_runs/20260401-open8gpu-fullbench-v4-gpu04/run_manifest.json,Qwen__Qwen3-32B,SuperResolution_01,SuperResolution,failed_before_grading,False,False,,implicit_failed_before_grading,,/mnt/bn/xsc-f1526e9f/yongkang/workspace/external/agent_laws/GitTaskBench/queries/SuperResolution_01/query.json
20260401-open8gpu-fullbench-v4-gpu04,/mnt/bn/xsc-f1526e9f/yongkang/workspace/_codex/experiments/agent_law_gittaskbench_runs/20260401-open8gpu-fullbench-v4-gpu04/run_manifest.json,Qwen__Qwen3-32B,SuperResolution_02,SuperResolution,failed_before_grading,False,False,,implicit_failed_before_grading,,/mnt/bn/xsc-f1526e9f/yongkang/workspace/external/agent_laws/GitTaskBench/queries/SuperResolution_02/query.json
20260401-open8gpu-fullbench-v4-gpu04,/mnt/bn/xsc-f1526e9f/yongkang/workspace/_codex/experiments/agent_law_gittaskbench_runs/20260401-open8gpu-fullbench-v4-gpu04/run_manifest.json,Qwen__Qwen3-32B,SuperResolution_03,SuperResolution,failed_before_grading,False,False,,implicit_failed_before_grading,,/mnt/bn/xsc-f1526e9f/yongkang/workspace/external/agent_laws/GitTaskBench/queries/SuperResolution_03/query.json
20260401-open8gpu-fullbench-v4-gpu04,/mnt/bn/xsc-f1526e9f/yongkang/workspace/_codex/experiments/agent_law_gittaskbench_runs/20260401-open8gpu-fullbench-v4-gpu04/run_manifest.json,Qwen__Qwen3-32B,Trafilatura_01,Trafilatura,graded,True,True,F1 0.9146 meets threshold 0.9,grade_summary,/mnt/bn/xsc-f1526e9f/yongkang/workspace/_codex/experiments/agent_law_gittaskbench_runs/20260401-open8gpu-fullbench-v4-gpu04/__mnt__bn__xsc-f1526e9f__yongkang__workspace__.memory_guard_lab__model_store__Qwen__Qwen3-32B/Trafilatura_01/grade/Trafilatura_01/result.jsonl,/mnt/bn/xsc-f1526e9f/yongkang/workspace/external/agent_laws/GitTaskBench/queries/Trafilatura_01/query.json
20260401-open8gpu-fullbench-v4-gpu04,/mnt/bn/xsc-f1526e9f/yongkang/workspace/_codex/experiments/agent_law_gittaskbench_runs/20260401-open8gpu-fullbench-v4-gpu04/run_manifest.json,Qwen__Qwen3-32B,Trafilatura_02,Trafilatura,failed_before_grading,False,False,,implicit_failed_before_grading,,/mnt/bn/xsc-f1526e9f/yongkang/workspace/external/agent_laws/GitTaskBench/queries/Trafilatura_02/query.json
20260401-open8gpu-fullbench-v4-gpu04,/mnt/bn/xsc-f1526e9f/yongkang/workspace/_codex/experiments/agent_law_gittaskbench_runs/20260401-open8gpu-fullbench-v4-gpu04/run_manifest.json,Qwen__Qwen3-32B,Trafilatura_03,Trafilatura,failed_before_grading,False,False,,implicit_failed_before_grading,,/mnt/bn/xsc-f1526e9f/yongkang/workspace/external/agent_laws/GitTaskBench/queries/Trafilatura_03/query.json
20260401-open8gpu-fullbench-v4-gpu04,/mnt/bn/xsc-f1526e9f/yongkang/workspace/_codex/experiments/agent_law_gittaskbench_runs/20260401-open8gpu-fullbench-v4-gpu04/run_manifest.json,Qwen__Qwen3-32B,TransparentBackground_01,TransparentBackground,failed_before_grading,False,False,,implicit_failed_before_grading,,/mnt/bn/xsc-f1526e9f/yongkang/workspace/external/agent_laws/GitTaskBench/queries/TransparentBackground_01/query.json
20260401-open8gpu-fullbench-v4-gpu04,/mnt/bn/xsc-f1526e9f/yongkang/workspace/_codex/experiments/agent_law_gittaskbench_runs/20260401-open8gpu-fullbench-v4-gpu04/run_manifest.json,Qwen__Qwen3-32B,TransparentBackground_02,TransparentBackground,failed_before_grading,False,False,,implicit_failed_before_grading,,/mnt/bn/xsc-f1526e9f/yongkang/workspace/external/agent_laws/GitTaskBench/queries/TransparentBackground_02/query.json
20260401-open8gpu-fullbench-v4-gpu04,/mnt/bn/xsc-f1526e9f/yongkang/workspace/_codex/experiments/agent_law_gittaskbench_runs/20260401-open8gpu-fullbench-v4-gpu04/run_manifest.json,Qwen__Qwen3-32B,TransparentBackground_03,TransparentBackground,failed_before_grading,False,False,,implicit_failed_before_grading,,/mnt/bn/xsc-f1526e9f/yongkang/workspace/external/agent_laws/GitTaskBench/queries/TransparentBackground_03/query.json
20260401-open8gpu-fullbench-v4-gpu04,/mnt/bn/xsc-f1526e9f/yongkang/workspace/_codex/experiments/agent_law_gittaskbench_runs/20260401-open8gpu-fullbench-v4-gpu04/run_manifest.json,Qwen__Qwen3-32B,VideoPose3D_01,VideoPose3D,failed_before_grading,False,False,,implicit_failed_before_grading,,/mnt/bn/xsc-f1526e9f/yongkang/workspace/external/agent_laws/GitTaskBench/queries/VideoPose3D_01/query.json
20260401-open8gpu-fullbench-v4-gpu05,/mnt/bn/xsc-f1526e9f/yongkang/workspace/_codex/experiments/agent_law_gittaskbench_runs/20260401-open8gpu-fullbench-v4-gpu05/run_manifest.json,deepseek-ai__DeepSeek-R1-Distill-Llama-8B,AnimeGANv3_01,AnimeGANv3,failed_before_grading,False,False,,implicit_failed_before_grading,,/mnt/bn/xsc-f1526e9f/yongkang/workspace/external/agent_laws/GitTaskBench/queries/AnimeGANv3_01/query.json
20260401-open8gpu-fullbench-v4-gpu05,/mnt/bn/xsc-f1526e9f/yongkang/workspace/_codex/experiments/agent_law_gittaskbench_runs/20260401-open8gpu-fullbench-v4-gpu05/run_manifest.json,deepseek-ai__DeepSeek-R1-Distill-Llama-8B,AnimeGANv3_02,AnimeGANv3,failed_before_grading,False,False,,implicit_failed_before_grading,,/mnt/bn/xsc-f1526e9f/yongkang/workspace/external/agent_laws/GitTaskBench/queries/AnimeGANv3_02/query.json
20260401-open8gpu-fullbench-v4-gpu05,/mnt/bn/xsc-f1526e9f/yongkang/workspace/_codex/experiments/agent_law_gittaskbench_runs/20260401-open8gpu-fullbench-v4-gpu05/run_manifest.json,deepseek-ai__DeepSeek-R1-Distill-Llama-8B,AnimeGANv3_03,AnimeGANv3,failed_before_grading,False,False,,implicit_failed_before_grading,,/mnt/bn/xsc-f1526e9f/yongkang/workspace/external/agent_laws/GitTaskBench/queries/AnimeGANv3_03/query.json
20260401-open8gpu-fullbench-v4-gpu05,/mnt/bn/xsc-f1526e9f/yongkang/workspace/_codex/experiments/agent_law_gittaskbench_runs/20260401-open8gpu-fullbench-v4-gpu05/run_manifest.json,deepseek-ai__DeepSeek-R1-Distill-Llama-8B,DeOldify_01,DeOldify,failed_before_grading,False,False,,implicit_failed_before_grading,,/mnt/bn/xsc-f1526e9f/yongkang/workspace/external/agent_laws/GitTaskBench/queries/DeOldify_01/query.json
20260401-open8gpu-fullbench-v4-gpu05,/mnt/bn/xsc-f1526e9f/yongkang/workspace/_codex/experiments/agent_law_gittaskbench_runs/20260401-open8gpu-fullbench-v4-gpu05/run_manifest.json,deepseek-ai__DeepSeek-R1-Distill-Llama-8B,DeOldify_02,DeOldify,failed_before_grading,False,False,,implicit_failed_before_grading,,/mnt/bn/xsc-f1526e9f/yongkang/workspace/external/agent_laws/GitTaskBench/queries/DeOldify_02/query.json
20260401-open8gpu-fullbench-v4-gpu05,/mnt/bn/xsc-f1526e9f/yongkang/workspace/_codex/experiments/agent_law_gittaskbench_runs/20260401-open8gpu-fullbench-v4-gpu05/run_manifest.json,deepseek-ai__DeepSeek-R1-Distill-Llama-8B,DeOldify_03,DeOldify,failed_before_grading,False,False,,implicit_failed_before_grading,,/mnt/bn/xsc-f1526e9f/yongkang/workspace/external/agent_laws/GitTaskBench/queries/DeOldify_03/query.json
20260401-open8gpu-fullbench-v4-gpu05,/mnt/bn/xsc-f1526e9f/yongkang/workspace/_codex/experiments/agent_law_gittaskbench_runs/20260401-open8gpu-fullbench-v4-gpu05/run_manifest.json,deepseek-ai__DeepSeek-R1-Distill-Llama-8B,DeScratch_01,DeScratch,failed_before_grading,False,False,,implicit_failed_before_grading,,/mnt/bn/xsc-f1526e9f/yongkang/workspace/external/agent_laws/GitTaskBench/queries/DeScratch_01/query.json
20260401-open8gpu-fullbench-v4-gpu05,/mnt/bn/xsc-f1526e9f/yongkang/workspace/_codex/experiments/agent_law_gittaskbench_runs/20260401-open8gpu-fullbench-v4-gpu05/run_manifest.json,deepseek-ai__DeepSeek-R1-Distill-Llama-8B,DeScratch_02,DeScratch,failed_before_grading,False,False,,implicit_failed_before_grading,,/mnt/bn/xsc-f1526e9f/yongkang/workspace/external/agent_laws/GitTaskBench/queries/DeScratch_02/query.json
20260401-open8gpu-fullbench-v4-gpu05,/mnt/bn/xsc-f1526e9f/yongkang/workspace/_codex/experiments/agent_law_gittaskbench_runs/20260401-open8gpu-fullbench-v4-gpu05/run_manifest.json,deepseek-ai__DeepSeek-R1-Distill-Llama-8B,DeScratch_03,DeScratch,failed_before_grading,False,False,,implicit_failed_before_grading,,/mnt/bn/xsc-f1526e9f/yongkang/workspace/external/agent_laws/GitTaskBench/queries/DeScratch_03/query.json
20260401-open8gpu-fullbench-v4-gpu05,/mnt/bn/xsc-f1526e9f/yongkang/workspace/_codex/experiments/agent_law_gittaskbench_runs/20260401-open8gpu-fullbench-v4-gpu05/run_manifest.json,deepseek-ai__DeepSeek-R1-Distill-Llama-8B,Eparse_01,Eparse,failed_before_grading,False,False,,implicit_failed_before_grading,,/mnt/bn/xsc-f1526e9f/yongkang/workspace/external/agent_laws/GitTaskBench/queries/Eparse_01/query.json
20260401-open8gpu-fullbench-v4-gpu05,/mnt/bn/xsc-f1526e9f/yongkang/workspace/_codex/experiments/agent_law_gittaskbench_runs/20260401-open8gpu-fullbench-v4-gpu05/run_manifest.json,deepseek-ai__DeepSeek-R1-Distill-Llama-8B,Eparse_02,Eparse,failed_before_grading,False,False,,implicit_failed_before_grading,,/mnt/bn/xsc-f1526e9f/yongkang/workspace/external/agent_laws/GitTaskBench/queries/Eparse_02/query.json
20260401-open8gpu-fullbench-v4-gpu05,/mnt/bn/xsc-f1526e9f/yongkang/workspace/_codex/experiments/agent_law_gittaskbench_runs/20260401-open8gpu-fullbench-v4-gpu05/run_manifest.json,deepseek-ai__DeepSeek-R1-Distill-Llama-8B,Eparse_03,Eparse,failed_before_grading,False,False,,implicit_failed_before_grading,,/mnt/bn/xsc-f1526e9f/yongkang/workspace/external/agent_laws/GitTaskBench/queries/Eparse_03/query.json
20260401-open8gpu-fullbench-v4-gpu05,/mnt/bn/xsc-f1526e9f/yongkang/workspace/_codex/experiments/agent_law_gittaskbench_runs/20260401-open8gpu-fullbench-v4-gpu05/run_manifest.json,deepseek-ai__DeepSeek-R1-Distill-Llama-8B,Faker_01,Faker,failed_before_grading,False,False,,implicit_failed_before_grading,,/mnt/bn/xsc-f1526e9f/yongkang/workspace/external/agent_laws/GitTaskBench/queries/Faker_01/query.json
20260401-open8gpu-fullbench-v4-gpu05,/mnt/bn/xsc-f1526e9f/yongkang/workspace/_codex/experiments/agent_law_gittaskbench_runs/20260401-open8gpu-fullbench-v4-gpu05/run_manifest.json,deepseek-ai__DeepSeek-R1-Distill-Llama-8B,Faker_02,Faker,failed_before_grading,False,False,,implicit_failed_before_grading,,/mnt/bn/xsc-f1526e9f/yongkang/workspace/external/agent_laws/GitTaskBench/queries/Faker_02/query.json
20260401-open8gpu-fullbench-v4-gpu05,/mnt/bn/xsc-f1526e9f/yongkang/workspace/_codex/experiments/agent_law_gittaskbench_runs/20260401-open8gpu-fullbench-v4-gpu05/run_manifest.json,deepseek-ai__DeepSeek-R1-Distill-Llama-8B,Faker_03,Faker,failed_before_grading,False,False,,implicit_failed_before_grading,,/mnt/bn/xsc-f1526e9f/yongkang/workspace/external/agent_laws/GitTaskBench/queries/Faker_03/query.json
20260401-open8gpu-fullbench-v4-gpu05,/mnt/bn/xsc-f1526e9f/yongkang/workspace/_codex/experiments/agent_law_gittaskbench_runs/20260401-open8gpu-fullbench-v4-gpu05/run_manifest.json,deepseek-ai__DeepSeek-R1-Distill-Llama-8B,FunASR_01,FunASR,failed_before_grading,False,False,,implicit_failed_before_grading,,/mnt/bn/xsc-f1526e9f/yongkang/workspace/external/agent_laws/GitTaskBench/queries/FunASR_01/query.json
20260401-open8gpu-fullbench-v4-gpu05,/mnt/bn/xsc-f1526e9f/yongkang/workspace/_codex/experiments/agent_law_gittaskbench_runs/20260401-open8gpu-fullbench-v4-gpu05/run_manifest.json,deepseek-ai__DeepSeek-R1-Distill-Llama-8B,FunASR_02,FunASR,failed_before_grading,False,False,,implicit_failed_before_grading,,/mnt/bn/xsc-f1526e9f/yongkang/workspace/external/agent_laws/GitTaskBench/queries/FunASR_02/query.json
20260401-open8gpu-fullbench-v4-gpu05,/mnt/bn/xsc-f1526e9f/yongkang/workspace/_codex/experiments/agent_law_gittaskbench_runs/20260401-open8gpu-fullbench-v4-gpu05/run_manifest.json,deepseek-ai__DeepSeek-R1-Distill-Llama-8B,FunASR_03,FunASR,failed_before_grading,False,False,,implicit_failed_before_grading,,/mnt/bn/xsc-f1526e9f/yongkang/workspace/external/agent_laws/GitTaskBench/queries/FunASR_03/query.json
20260401-open8gpu-fullbench-v4-gpu05,/mnt/bn/xsc-f1526e9f/yongkang/workspace/_codex/experiments/agent_law_gittaskbench_runs/20260401-open8gpu-fullbench-v4-gpu05/run_manifest.json,deepseek-ai__DeepSeek-R1-Distill-Llama-8B,InvisibleWatermark_01,InvisibleWatermark,failed_before_grading,False,False,,implicit_failed_before_grading,,/mnt/bn/xsc-f1526e9f/yongkang/workspace/external/agent_laws/GitTaskBench/queries/InvisibleWatermark_01/query.json
20260401-open8gpu-fullbench-v4-gpu05,/mnt/bn/xsc-f1526e9f/yongkang/workspace/_codex/experiments/agent_law_gittaskbench_runs/20260401-open8gpu-fullbench-v4-gpu05/run_manifest.json,deepseek-ai__DeepSeek-R1-Distill-Llama-8B,InvisibleWatermark_02,InvisibleWatermark,failed_before_grading,False,False,,implicit_failed_before_grading,,/mnt/bn/xsc-f1526e9f/yongkang/workspace/external/agent_laws/GitTaskBench/queries/InvisibleWatermark_02/query.json
20260401-open8gpu-fullbench-v4-gpu05,/mnt/bn/xsc-f1526e9f/yongkang/workspace/_codex/experiments/agent_law_gittaskbench_runs/20260401-open8gpu-fullbench-v4-gpu05/run_manifest.json,deepseek-ai__DeepSeek-R1-Distill-Llama-8B,InvisibleWatermark_03,InvisibleWatermark,failed_before_grading,False,False,,implicit_failed_before_grading,,/mnt/bn/xsc-f1526e9f/yongkang/workspace/external/agent_laws/GitTaskBench/queries/InvisibleWatermark_03/query.json
20260401-open8gpu-fullbench-v4-gpu05,/mnt/bn/xsc-f1526e9f/yongkang/workspace/_codex/experiments/agent_law_gittaskbench_runs/20260401-open8gpu-fullbench-v4-gpu05/run_manifest.json,deepseek-ai__DeepSeek-R1-Distill-Llama-8B,NeuroKit_01,NeuroKit,failed_before_grading,False,False,,implicit_failed_before_grading,,/mnt/bn/xsc-f1526e9f/yongkang/workspace/external/agent_laws/GitTaskBench/queries/NeuroKit_01/query.json
20260401-open8gpu-fullbench-v4-gpu05,/mnt/bn/xsc-f1526e9f/yongkang/workspace/_codex/experiments/agent_law_gittaskbench_runs/20260401-open8gpu-fullbench-v4-gpu05/run_manifest.json,deepseek-ai__DeepSeek-R1-Distill-Llama-8B,NeuroKit_02,NeuroKit,failed_before_grading,False,False,,implicit_failed_before_grading,,/mnt/bn/xsc-f1526e9f/yongkang/workspace/external/agent_laws/GitTaskBench/queries/NeuroKit_02/query.json
20260401-open8gpu-fullbench-v4-gpu05,/mnt/bn/xsc-f1526e9f/yongkang/workspace/_codex/experiments/agent_law_gittaskbench_runs/20260401-open8gpu-fullbench-v4-gpu05/run_manifest.json,deepseek-ai__DeepSeek-R1-Distill-Llama-8B,NeuroKit_03,NeuroKit,failed_before_grading,False,False,,implicit_failed_before_grading,,/mnt/bn/xsc-f1526e9f/yongkang/workspace/external/agent_laws/GitTaskBench/queries/NeuroKit_03/query.json
20260401-open8gpu-fullbench-v4-gpu05,/mnt/bn/xsc-f1526e9f/yongkang/workspace/_codex/experiments/agent_law_gittaskbench_runs/20260401-open8gpu-fullbench-v4-gpu05/run_manifest.json,deepseek-ai__DeepSeek-R1-Distill-Llama-8B,PDFPlumber_01,PDFPlumber,failed_before_grading,False,False,,implicit_failed_before_grading,,/mnt/bn/xsc-f1526e9f/yongkang/workspace/external/agent_laws/GitTaskBench/queries/PDFPlumber_01/query.json
20260401-open8gpu-fullbench-v4-gpu05,/mnt/bn/xsc-f1526e9f/yongkang/workspace/_codex/experiments/agent_law_gittaskbench_runs/20260401-open8gpu-fullbench-v4-gpu05/run_manifest.json,deepseek-ai__DeepSeek-R1-Distill-Llama-8B,PDFPlumber_02,PDFPlumber,failed_before_grading,False,False,,implicit_failed_before_grading,,/mnt/bn/xsc-f1526e9f/yongkang/workspace/external/agent_laws/GitTaskBench/queries/PDFPlumber_02/query.json
20260401-open8gpu-fullbench-v4-gpu05,/mnt/bn/xsc-f1526e9f/yongkang/workspace/_codex/experiments/agent_law_gittaskbench_runs/20260401-open8gpu-fullbench-v4-gpu05/run_manifest.json,deepseek-ai__DeepSeek-R1-Distill-Llama-8B,PDFPlumber_03,PDFPlumber,failed_before_grading,False,False,,implicit_failed_before_grading,,/mnt/bn/xsc-f1526e9f/yongkang/workspace/external/agent_laws/GitTaskBench/queries/PDFPlumber_03/query.json
20260401-open8gpu-fullbench-v4-gpu05,/mnt/bn/xsc-f1526e9f/yongkang/workspace/_codex/experiments/agent_law_gittaskbench_runs/20260401-open8gpu-fullbench-v4-gpu05/run_manifest.json,deepseek-ai__DeepSeek-R1-Distill-Llama-8B,PyPDF2_01,PyPDF2,failed_before_grading,False,False,,implicit_failed_before_grading,,/mnt/bn/xsc-f1526e9f/yongkang/workspace/external/agent_laws/GitTaskBench/queries/PyPDF2_01/query.json
20260401-open8gpu-fullbench-v4-gpu05,/mnt/bn/xsc-f1526e9f/yongkang/workspace/_codex/experiments/agent_law_gittaskbench_runs/20260401-open8gpu-fullbench-v4-gpu05/run_manifest.json,deepseek-ai__DeepSeek-R1-Distill-Llama-8B,PyPDF2_02,PyPDF2,failed_before_grading,False,False,,implicit_failed_before_grading,,/mnt/bn/xsc-f1526e9f/yongkang/workspace/external/agent_laws/GitTaskBench/queries/PyPDF2_02/query.json
20260401-open8gpu-fullbench-v4-gpu05,/mnt/bn/xsc-f1526e9f/yongkang/workspace/_codex/experiments/agent_law_gittaskbench_runs/20260401-open8gpu-fullbench-v4-gpu05/run_manifest.json,deepseek-ai__DeepSeek-R1-Distill-Llama-8B,PyPDF2_03,PyPDF2,failed_before_grading,False,False,,implicit_failed_before_grading,,/mnt/bn/xsc-f1526e9f/yongkang/workspace/external/agent_laws/GitTaskBench/queries/PyPDF2_03/query.json
20260401-open8gpu-fullbench-v4-gpu05,/mnt/bn/xsc-f1526e9f/yongkang/workspace/_codex/experiments/agent_law_gittaskbench_runs/20260401-open8gpu-fullbench-v4-gpu05/run_manifest.json,deepseek-ai__DeepSeek-R1-Distill-Llama-8B,Scrapy_01,Scrapy,failed_before_grading,False,False,,implicit_failed_before_grading,,/mnt/bn/xsc-f1526e9f/yongkang/workspace/external/agent_laws/GitTaskBench/queries/Scrapy_01/query.json
20260401-open8gpu-fullbench-v4-gpu05,/mnt/bn/xsc-f1526e9f/yongkang/workspace/_codex/experiments/agent_law_gittaskbench_runs/20260401-open8gpu-fullbench-v4-gpu05/run_manifest.json,deepseek-ai__DeepSeek-R1-Distill-Llama-8B,Scrapy_02,Scrapy,failed_before_grading,False,False,,implicit_failed_before_grading,,/mnt/bn/xsc-f1526e9f/yongkang/workspace/external/agent_laws/GitTaskBench/queries/Scrapy_02/query.json
20260401-open8gpu-fullbench-v4-gpu05,/mnt/bn/xsc-f1526e9f/yongkang/workspace/_codex/experiments/agent_law_gittaskbench_runs/20260401-open8gpu-fullbench-v4-gpu05/run_manifest.json,deepseek-ai__DeepSeek-R1-Distill-Llama-8B,Scrapy_03,Scrapy,failed_before_grading,False,False,,implicit_failed_before_grading,,/mnt/bn/xsc-f1526e9f/yongkang/workspace/external/agent_laws/GitTaskBench/queries/Scrapy_03/query.json
20260401-open8gpu-fullbench-v4-gpu05,/mnt/bn/xsc-f1526e9f/yongkang/workspace/_codex/experiments/agent_law_gittaskbench_runs/20260401-open8gpu-fullbench-v4-gpu05/run_manifest.json,deepseek-ai__DeepSeek-R1-Distill-Llama-8B,SpeechBrain_01,SpeechBrain,failed_before_grading,False,False,,implicit_failed_before_grading,,/mnt/bn/xsc-f1526e9f/yongkang/workspace/external/agent_laws/GitTaskBench/queries/SpeechBrain_01/query.json
20260401-open8gpu-fullbench-v4-gpu05,/mnt/bn/xsc-f1526e9f/yongkang/workspace/_codex/experiments/agent_law_gittaskbench_runs/20260401-open8gpu-fullbench-v4-gpu05/run_manifest.json,deepseek-ai__DeepSeek-R1-Distill-Llama-8B,SpeechBrain_02,SpeechBrain,failed_before_grading,False,False,,implicit_failed_before_grading,,/mnt/bn/xsc-f1526e9f/yongkang/workspace/external/agent_laws/GitTaskBench/queries/SpeechBrain_02/query.json
20260401-open8gpu-fullbench-v4-gpu05,/mnt/bn/xsc-f1526e9f/yongkang/workspace/_codex/experiments/agent_law_gittaskbench_runs/20260401-open8gpu-fullbench-v4-gpu05/run_manifest.json,deepseek-ai__DeepSeek-R1-Distill-Llama-8B,SpeechBrain_03,SpeechBrain,failed_before_grading,False,False,,implicit_failed_before_grading,,/mnt/bn/xsc-f1526e9f/yongkang/workspace/external/agent_laws/GitTaskBench/queries/SpeechBrain_03/query.json
20260401-open8gpu-fullbench-v4-gpu05,/mnt/bn/xsc-f1526e9f/yongkang/workspace/_codex/experiments/agent_law_gittaskbench_runs/20260401-open8gpu-fullbench-v4-gpu05/run_manifest.json,deepseek-ai__DeepSeek-R1-Distill-Llama-8B,SpeechBrain_04,SpeechBrain,failed_before_grading,False,False,,implicit_failed_before_grading,,/mnt/bn/xsc-f1526e9f/yongkang/workspace/external/agent_laws/GitTaskBench/queries/SpeechBrain_04/query.json
20260401-open8gpu-fullbench-v4-gpu05,/mnt/bn/xsc-f1526e9f/yongkang/workspace/_codex/experiments/agent_law_gittaskbench_runs/20260401-open8gpu-fullbench-v4-gpu05/run_manifest.json,deepseek-ai__DeepSeek-R1-Distill-Llama-8B,SpeechBrain_05,SpeechBrain,failed_before_grading,False,False,,implicit_failed_before_grading,,/mnt/bn/xsc-f1526e9f/yongkang/workspace/external/agent_laws/GitTaskBench/queries/SpeechBrain_05/query.json
20260401-open8gpu-fullbench-v4-gpu05,/mnt/bn/xsc-f1526e9f/yongkang/workspace/_codex/experiments/agent_law_gittaskbench_runs/20260401-open8gpu-fullbench-v4-gpu05/run_manifest.json,deepseek-ai__DeepSeek-R1-Distill-Llama-8B,Stegano_01,Stegano,failed_before_grading,False,False,,implicit_failed_before_grading,,/mnt/bn/xsc-f1526e9f/yongkang/workspace/external/agent_laws/GitTaskBench/queries/Stegano_01/query.json
20260401-open8gpu-fullbench-v4-gpu05,/mnt/bn/xsc-f1526e9f/yongkang/workspace/_codex/experiments/agent_law_gittaskbench_runs/20260401-open8gpu-fullbench-v4-gpu05/run_manifest.json,deepseek-ai__DeepSeek-R1-Distill-Llama-8B,Stegano_02,Stegano,failed_before_grading,False,False,,implicit_failed_before_grading,,/mnt/bn/xsc-f1526e9f/yongkang/workspace/external/agent_laws/GitTaskBench/queries/Stegano_02/query.json
20260401-open8gpu-fullbench-v4-gpu05,/mnt/bn/xsc-f1526e9f/yongkang/workspace/_codex/experiments/agent_law_gittaskbench_runs/20260401-open8gpu-fullbench-v4-gpu05/run_manifest.json,deepseek-ai__DeepSeek-R1-Distill-Llama-8B,Stegano_03,Stegano,failed_before_grading,False,False,,implicit_failed_before_grading,,/mnt/bn/xsc-f1526e9f/yongkang/workspace/external/agent_laws/GitTaskBench/queries/Stegano_03/query.json
20260401-open8gpu-fullbench-v4-gpu05,/mnt/bn/xsc-f1526e9f/yongkang/workspace/_codex/experiments/agent_law_gittaskbench_runs/20260401-open8gpu-fullbench-v4-gpu05/run_manifest.json,deepseek-ai__DeepSeek-R1-Distill-Llama-8B,StyleTransfer_01,StyleTransfer,failed_before_grading,False,False,,implicit_failed_before_grading,,/mnt/bn/xsc-f1526e9f/yongkang/workspace/external/agent_laws/GitTaskBench/queries/StyleTransfer_01/query.json
20260401-open8gpu-fullbench-v4-gpu05,/mnt/bn/xsc-f1526e9f/yongkang/workspace/_codex/experiments/agent_law_gittaskbench_runs/20260401-open8gpu-fullbench-v4-gpu05/run_manifest.json,deepseek-ai__DeepSeek-R1-Distill-Llama-8B,StyleTransfer_02,StyleTransfer,failed_before_grading,False,False,,implicit_failed_before_grading,,/mnt/bn/xsc-f1526e9f/yongkang/workspace/external/agent_laws/GitTaskBench/queries/StyleTransfer_02/query.json
20260401-open8gpu-fullbench-v4-gpu05,/mnt/bn/xsc-f1526e9f/yongkang/workspace/_codex/experiments/agent_law_gittaskbench_runs/20260401-open8gpu-fullbench-v4-gpu05/run_manifest.json,deepseek-ai__DeepSeek-R1-Distill-Llama-8B,StyleTransfer_03,StyleTransfer,failed_before_grading,False,False,,implicit_failed_before_grading,,/mnt/bn/xsc-f1526e9f/yongkang/workspace/external/agent_laws/GitTaskBench/queries/StyleTransfer_03/query.json
20260401-open8gpu-fullbench-v4-gpu05,/mnt/bn/xsc-f1526e9f/yongkang/workspace/_codex/experiments/agent_law_gittaskbench_runs/20260401-open8gpu-fullbench-v4-gpu05/run_manifest.json,deepseek-ai__DeepSeek-R1-Distill-Llama-8B,SuperResolution_01,SuperResolution,failed_before_grading,False,False,,implicit_failed_before_grading,,/mnt/bn/xsc-f1526e9f/yongkang/workspace/external/agent_laws/GitTaskBench/queries/SuperResolution_01/query.json
20260401-open8gpu-fullbench-v4-gpu05,/mnt/bn/xsc-f1526e9f/yongkang/workspace/_codex/experiments/agent_law_gittaskbench_runs/20260401-open8gpu-fullbench-v4-gpu05/run_manifest.json,deepseek-ai__DeepSeek-R1-Distill-Llama-8B,SuperResolution_02,SuperResolution,failed_before_grading,False,False,,implicit_failed_before_grading,,/mnt/bn/xsc-f1526e9f/yongkang/workspace/external/agent_laws/GitTaskBench/queries/SuperResolution_02/query.json
20260401-open8gpu-fullbench-v4-gpu05,/mnt/bn/xsc-f1526e9f/yongkang/workspace/_codex/experiments/agent_law_gittaskbench_runs/20260401-open8gpu-fullbench-v4-gpu05/run_manifest.json,deepseek-ai__DeepSeek-R1-Distill-Llama-8B,SuperResolution_03,SuperResolution,failed_before_grading,False,False,,implicit_failed_before_grading,,/mnt/bn/xsc-f1526e9f/yongkang/workspace/external/agent_laws/GitTaskBench/queries/SuperResolution_03/query.json
20260401-open8gpu-fullbench-v4-gpu05,/mnt/bn/xsc-f1526e9f/yongkang/workspace/_codex/experiments/agent_law_gittaskbench_runs/20260401-open8gpu-fullbench-v4-gpu05/run_manifest.json,deepseek-ai__DeepSeek-R1-Distill-Llama-8B,Trafilatura_01,Trafilatura,failed_before_grading,False,False,,implicit_failed_before_grading,,/mnt/bn/xsc-f1526e9f/yongkang/workspace/external/agent_laws/GitTaskBench/queries/Trafilatura_01/query.json
20260401-open8gpu-fullbench-v4-gpu05,/mnt/bn/xsc-f1526e9f/yongkang/workspace/_codex/experiments/agent_law_gittaskbench_runs/20260401-open8gpu-fullbench-v4-gpu05/run_manifest.json,deepseek-ai__DeepSeek-R1-Distill-Llama-8B,Trafilatura_02,Trafilatura,failed_before_grading,False,False,,implicit_failed_before_grading,,/mnt/bn/xsc-f1526e9f/yongkang/workspace/external/agent_laws/GitTaskBench/queries/Trafilatura_02/query.json
20260401-open8gpu-fullbench-v4-gpu05,/mnt/bn/xsc-f1526e9f/yongkang/workspace/_codex/experiments/agent_law_gittaskbench_runs/20260401-open8gpu-fullbench-v4-gpu05/run_manifest.json,deepseek-ai__DeepSeek-R1-Distill-Llama-8B,Trafilatura_03,Trafilatura,failed_before_grading,False,False,,implicit_failed_before_grading,,/mnt/bn/xsc-f1526e9f/yongkang/workspace/external/agent_laws/GitTaskBench/queries/Trafilatura_03/query.json
20260401-open8gpu-fullbench-v4-gpu05,/mnt/bn/xsc-f1526e9f/yongkang/workspace/_codex/experiments/agent_law_gittaskbench_runs/20260401-open8gpu-fullbench-v4-gpu05/run_manifest.json,deepseek-ai__DeepSeek-R1-Distill-Llama-8B,TransparentBackground_01,TransparentBackground,failed_before_grading,False,False,,implicit_failed_before_grading,,/mnt/bn/xsc-f1526e9f/yongkang/workspace/external/agent_laws/GitTaskBench/queries/TransparentBackground_01/query.json
20260401-open8gpu-fullbench-v4-gpu05,/mnt/bn/xsc-f1526e9f/yongkang/workspace/_codex/experiments/agent_law_gittaskbench_runs/20260401-open8gpu-fullbench-v4-gpu05/run_manifest.json,deepseek-ai__DeepSeek-R1-Distill-Llama-8B,TransparentBackground_02,TransparentBackground,failed_before_grading,False,False,,implicit_failed_before_grading,,/mnt/bn/xsc-f1526e9f/yongkang/workspace/external/agent_laws/GitTaskBench/queries/TransparentBackground_02/query.json
20260401-open8gpu-fullbench-v4-gpu05,/mnt/bn/xsc-f1526e9f/yongkang/workspace/_codex/experiments/agent_law_gittaskbench_runs/20260401-open8gpu-fullbench-v4-gpu05/run_manifest.json,deepseek-ai__DeepSeek-R1-Distill-Llama-8B,TransparentBackground_03,TransparentBackground,failed_before_grading,False,False,,implicit_failed_before_grading,,/mnt/bn/xsc-f1526e9f/yongkang/workspace/external/agent_laws/GitTaskBench/queries/TransparentBackground_03/query.json
20260401-open8gpu-fullbench-v4-gpu05,/mnt/bn/xsc-f1526e9f/yongkang/workspace/_codex/experiments/agent_law_gittaskbench_runs/20260401-open8gpu-fullbench-v4-gpu05/run_manifest.json,deepseek-ai__DeepSeek-R1-Distill-Llama-8B,VideoPose3D_01,VideoPose3D,failed_before_grading,False,False,,implicit_failed_before_grading,,/mnt/bn/xsc-f1526e9f/yongkang/workspace/external/agent_laws/GitTaskBench/queries/VideoPose3D_01/query.json
20260401-open8gpu-fullbench-v4-gpu06,/mnt/bn/xsc-f1526e9f/yongkang/workspace/_codex/experiments/agent_law_gittaskbench_runs/20260401-open8gpu-fullbench-v4-gpu06/run_manifest.json,mistralai__Mistral-7B-Instruct-v0.2,AnimeGANv3_01,AnimeGANv3,failed_before_grading,False,False,,implicit_failed_before_grading,,/mnt/bn/xsc-f1526e9f/yongkang/workspace/external/agent_laws/GitTaskBench/queries/AnimeGANv3_01/query.json
20260401-open8gpu-fullbench-v4-gpu06,/mnt/bn/xsc-f1526e9f/yongkang/workspace/_codex/experiments/agent_law_gittaskbench_runs/20260401-open8gpu-fullbench-v4-gpu06/run_manifest.json,mistralai__Mistral-7B-Instruct-v0.2,AnimeGANv3_02,AnimeGANv3,failed_before_grading,False,False,,implicit_failed_before_grading,,/mnt/bn/xsc-f1526e9f/yongkang/workspace/external/agent_laws/GitTaskBench/queries/AnimeGANv3_02/query.json
20260401-open8gpu-fullbench-v4-gpu06,/mnt/bn/xsc-f1526e9f/yongkang/workspace/_codex/experiments/agent_law_gittaskbench_runs/20260401-open8gpu-fullbench-v4-gpu06/run_manifest.json,mistralai__Mistral-7B-Instruct-v0.2,AnimeGANv3_03,AnimeGANv3,failed_before_grading,False,False,,implicit_failed_before_grading,,/mnt/bn/xsc-f1526e9f/yongkang/workspace/external/agent_laws/GitTaskBench/queries/AnimeGANv3_03/query.json
20260401-open8gpu-fullbench-v4-gpu06,/mnt/bn/xsc-f1526e9f/yongkang/workspace/_codex/experiments/agent_law_gittaskbench_runs/20260401-open8gpu-fullbench-v4-gpu06/run_manifest.json,mistralai__Mistral-7B-Instruct-v0.2,DeOldify_01,DeOldify,failed_before_grading,False,False,,implicit_failed_before_grading,,/mnt/bn/xsc-f1526e9f/yongkang/workspace/external/agent_laws/GitTaskBench/queries/DeOldify_01/query.json
20260401-open8gpu-fullbench-v4-gpu06,/mnt/bn/xsc-f1526e9f/yongkang/workspace/_codex/experiments/agent_law_gittaskbench_runs/20260401-open8gpu-fullbench-v4-gpu06/run_manifest.json,mistralai__Mistral-7B-Instruct-v0.2,DeOldify_02,DeOldify,failed_before_grading,False,False,,implicit_failed_before_grading,,/mnt/bn/xsc-f1526e9f/yongkang/workspace/external/agent_laws/GitTaskBench/queries/DeOldify_02/query.json
20260401-open8gpu-fullbench-v4-gpu06,/mnt/bn/xsc-f1526e9f/yongkang/workspace/_codex/experiments/agent_law_gittaskbench_runs/20260401-open8gpu-fullbench-v4-gpu06/run_manifest.json,mistralai__Mistral-7B-Instruct-v0.2,DeOldify_03,DeOldify,failed_before_grading,False,False,,implicit_failed_before_grading,,/mnt/bn/xsc-f1526e9f/yongkang/workspace/external/agent_laws/GitTaskBench/queries/DeOldify_03/query.json
20260401-open8gpu-fullbench-v4-gpu06,/mnt/bn/xsc-f1526e9f/yongkang/workspace/_codex/experiments/agent_law_gittaskbench_runs/20260401-open8gpu-fullbench-v4-gpu06/run_manifest.json,mistralai__Mistral-7B-Instruct-v0.2,DeScratch_01,DeScratch,failed_before_grading,False,False,,implicit_failed_before_grading,,/mnt/bn/xsc-f1526e9f/yongkang/workspace/external/agent_laws/GitTaskBench/queries/DeScratch_01/query.json
20260401-open8gpu-fullbench-v4-gpu06,/mnt/bn/xsc-f1526e9f/yongkang/workspace/_codex/experiments/agent_law_gittaskbench_runs/20260401-open8gpu-fullbench-v4-gpu06/run_manifest.json,mistralai__Mistral-7B-Instruct-v0.2,DeScratch_02,DeScratch,failed_before_grading,False,False,,implicit_failed_before_grading,,/mnt/bn/xsc-f1526e9f/yongkang/workspace/external/agent_laws/GitTaskBench/queries/DeScratch_02/query.json
20260401-open8gpu-fullbench-v4-gpu06,/mnt/bn/xsc-f1526e9f/yongkang/workspace/_codex/experiments/agent_law_gittaskbench_runs/20260401-open8gpu-fullbench-v4-gpu06/run_manifest.json,mistralai__Mistral-7B-Instruct-v0.2,DeScratch_03,DeScratch,failed_before_grading,False,False,,implicit_failed_before_grading,,/mnt/bn/xsc-f1526e9f/yongkang/workspace/external/agent_laws/GitTaskBench/queries/DeScratch_03/query.json
20260401-open8gpu-fullbench-v4-gpu06,/mnt/bn/xsc-f1526e9f/yongkang/workspace/_codex/experiments/agent_law_gittaskbench_runs/20260401-open8gpu-fullbench-v4-gpu06/run_manifest.json,mistralai__Mistral-7B-Instruct-v0.2,Eparse_01,Eparse,failed_before_grading,False,False,,implicit_failed_before_grading,,/mnt/bn/xsc-f1526e9f/yongkang/workspace/external/agent_laws/GitTaskBench/queries/Eparse_01/query.json
20260401-open8gpu-fullbench-v4-gpu06,/mnt/bn/xsc-f1526e9f/yongkang/workspace/_codex/experiments/agent_law_gittaskbench_runs/20260401-open8gpu-fullbench-v4-gpu06/run_manifest.json,mistralai__Mistral-7B-Instruct-v0.2,Eparse_02,Eparse,failed_before_grading,False,False,,implicit_failed_before_grading,,/mnt/bn/xsc-f1526e9f/yongkang/workspace/external/agent_laws/GitTaskBench/queries/Eparse_02/query.json
20260401-open8gpu-fullbench-v4-gpu06,/mnt/bn/xsc-f1526e9f/yongkang/workspace/_codex/experiments/agent_law_gittaskbench_runs/20260401-open8gpu-fullbench-v4-gpu06/run_manifest.json,mistralai__Mistral-7B-Instruct-v0.2,Eparse_03,Eparse,failed_before_grading,False,False,,implicit_failed_before_grading,,/mnt/bn/xsc-f1526e9f/yongkang/workspace/external/agent_laws/GitTaskBench/queries/Eparse_03/query.json
20260401-open8gpu-fullbench-v4-gpu06,/mnt/bn/xsc-f1526e9f/yongkang/workspace/_codex/experiments/agent_law_gittaskbench_runs/20260401-open8gpu-fullbench-v4-gpu06/run_manifest.json,mistralai__Mistral-7B-Instruct-v0.2,Faker_01,Faker,failed_before_grading,False,False,,implicit_failed_before_grading,,/mnt/bn/xsc-f1526e9f/yongkang/workspace/external/agent_laws/GitTaskBench/queries/Faker_01/query.json
20260401-open8gpu-fullbench-v4-gpu06,/mnt/bn/xsc-f1526e9f/yongkang/workspace/_codex/experiments/agent_law_gittaskbench_runs/20260401-open8gpu-fullbench-v4-gpu06/run_manifest.json,mistralai__Mistral-7B-Instruct-v0.2,Faker_02,Faker,failed_before_grading,False,False,,implicit_failed_before_grading,,/mnt/bn/xsc-f1526e9f/yongkang/workspace/external/agent_laws/GitTaskBench/queries/Faker_02/query.json
20260401-open8gpu-fullbench-v4-gpu06,/mnt/bn/xsc-f1526e9f/yongkang/workspace/_codex/experiments/agent_law_gittaskbench_runs/20260401-open8gpu-fullbench-v4-gpu06/run_manifest.json,mistralai__Mistral-7B-Instruct-v0.2,Faker_03,Faker,failed_before_grading,False,False,,implicit_failed_before_grading,,/mnt/bn/xsc-f1526e9f/yongkang/workspace/external/agent_laws/GitTaskBench/queries/Faker_03/query.json
20260401-open8gpu-fullbench-v4-gpu06,/mnt/bn/xsc-f1526e9f/yongkang/workspace/_codex/experiments/agent_law_gittaskbench_runs/20260401-open8gpu-fullbench-v4-gpu06/run_manifest.json,mistralai__Mistral-7B-Instruct-v0.2,FunASR_01,FunASR,failed_before_grading,False,False,,implicit_failed_before_grading,,/mnt/bn/xsc-f1526e9f/yongkang/workspace/external/agent_laws/GitTaskBench/queries/FunASR_01/query.json
20260401-open8gpu-fullbench-v4-gpu06,/mnt/bn/xsc-f1526e9f/yongkang/workspace/_codex/experiments/agent_law_gittaskbench_runs/20260401-open8gpu-fullbench-v4-gpu06/run_manifest.json,mistralai__Mistral-7B-Instruct-v0.2,FunASR_02,FunASR,failed_before_grading,False,False,,implicit_failed_before_grading,,/mnt/bn/xsc-f1526e9f/yongkang/workspace/external/agent_laws/GitTaskBench/queries/FunASR_02/query.json
20260401-open8gpu-fullbench-v4-gpu06,/mnt/bn/xsc-f1526e9f/yongkang/workspace/_codex/experiments/agent_law_gittaskbench_runs/20260401-open8gpu-fullbench-v4-gpu06/run_manifest.json,mistralai__Mistral-7B-Instruct-v0.2,FunASR_03,FunASR,failed_before_grading,False,False,,implicit_failed_before_grading,,/mnt/bn/xsc-f1526e9f/yongkang/workspace/external/agent_laws/GitTaskBench/queries/FunASR_03/query.json
20260401-open8gpu-fullbench-v4-gpu06,/mnt/bn/xsc-f1526e9f/yongkang/workspace/_codex/experiments/agent_law_gittaskbench_runs/20260401-open8gpu-fullbench-v4-gpu06/run_manifest.json,mistralai__Mistral-7B-Instruct-v0.2,InvisibleWatermark_01,InvisibleWatermark,failed_before_grading,False,False,,implicit_failed_before_grading,,/mnt/bn/xsc-f1526e9f/yongkang/workspace/external/agent_laws/GitTaskBench/queries/InvisibleWatermark_01/query.json
20260401-open8gpu-fullbench-v4-gpu06,/mnt/bn/xsc-f1526e9f/yongkang/workspace/_codex/experiments/agent_law_gittaskbench_runs/20260401-open8gpu-fullbench-v4-gpu06/run_manifest.json,mistralai__Mistral-7B-Instruct-v0.2,InvisibleWatermark_02,InvisibleWatermark,failed_before_grading,False,False,,implicit_failed_before_grading,,/mnt/bn/xsc-f1526e9f/yongkang/workspace/external/agent_laws/GitTaskBench/queries/InvisibleWatermark_02/query.json
20260401-open8gpu-fullbench-v4-gpu06,/mnt/bn/xsc-f1526e9f/yongkang/workspace/_codex/experiments/agent_law_gittaskbench_runs/20260401-open8gpu-fullbench-v4-gpu06/run_manifest.json,mistralai__Mistral-7B-Instruct-v0.2,InvisibleWatermark_03,InvisibleWatermark,failed_before_grading,False,False,,implicit_failed_before_grading,,/mnt/bn/xsc-f1526e9f/yongkang/workspace/external/agent_laws/GitTaskBench/queries/InvisibleWatermark_03/query.json
20260401-open8gpu-fullbench-v4-gpu06,/mnt/bn/xsc-f1526e9f/yongkang/workspace/_codex/experiments/agent_law_gittaskbench_runs/20260401-open8gpu-fullbench-v4-gpu06/run_manifest.json,mistralai__Mistral-7B-Instruct-v0.2,NeuroKit_01,NeuroKit,failed_before_grading,False,False,,implicit_failed_before_grading,,/mnt/bn/xsc-f1526e9f/yongkang/workspace/external/agent_laws/GitTaskBench/queries/NeuroKit_01/query.json
20260401-open8gpu-fullbench-v4-gpu06,/mnt/bn/xsc-f1526e9f/yongkang/workspace/_codex/experiments/agent_law_gittaskbench_runs/20260401-open8gpu-fullbench-v4-gpu06/run_manifest.json,mistralai__Mistral-7B-Instruct-v0.2,NeuroKit_02,NeuroKit,failed_before_grading,False,False,,implicit_failed_before_grading,,/mnt/bn/xsc-f1526e9f/yongkang/workspace/external/agent_laws/GitTaskBench/queries/NeuroKit_02/query.json
20260401-open8gpu-fullbench-v4-gpu06,/mnt/bn/xsc-f1526e9f/yongkang/workspace/_codex/experiments/agent_law_gittaskbench_runs/20260401-open8gpu-fullbench-v4-gpu06/run_manifest.json,mistralai__Mistral-7B-Instruct-v0.2,NeuroKit_03,NeuroKit,failed_before_grading,False,False,,implicit_failed_before_grading,,/mnt/bn/xsc-f1526e9f/yongkang/workspace/external/agent_laws/GitTaskBench/queries/NeuroKit_03/query.json
20260401-open8gpu-fullbench-v4-gpu06,/mnt/bn/xsc-f1526e9f/yongkang/workspace/_codex/experiments/agent_law_gittaskbench_runs/20260401-open8gpu-fullbench-v4-gpu06/run_manifest.json,mistralai__Mistral-7B-Instruct-v0.2,PDFPlumber_01,PDFPlumber,failed_before_grading,False,False,,implicit_failed_before_grading,,/mnt/bn/xsc-f1526e9f/yongkang/workspace/external/agent_laws/GitTaskBench/queries/PDFPlumber_01/query.json
20260401-open8gpu-fullbench-v4-gpu06,/mnt/bn/xsc-f1526e9f/yongkang/workspace/_codex/experiments/agent_law_gittaskbench_runs/20260401-open8gpu-fullbench-v4-gpu06/run_manifest.json,mistralai__Mistral-7B-Instruct-v0.2,PDFPlumber_02,PDFPlumber,failed_before_grading,False,False,,implicit_failed_before_grading,,/mnt/bn/xsc-f1526e9f/yongkang/workspace/external/agent_laws/GitTaskBench/queries/PDFPlumber_02/query.json
20260401-open8gpu-fullbench-v4-gpu06,/mnt/bn/xsc-f1526e9f/yongkang/workspace/_codex/experiments/agent_law_gittaskbench_runs/20260401-open8gpu-fullbench-v4-gpu06/run_manifest.json,mistralai__Mistral-7B-Instruct-v0.2,PDFPlumber_03,PDFPlumber,failed_before_grading,False,False,,implicit_failed_before_grading,,/mnt/bn/xsc-f1526e9f/yongkang/workspace/external/agent_laws/GitTaskBench/queries/PDFPlumber_03/query.json
20260401-open8gpu-fullbench-v4-gpu06,/mnt/bn/xsc-f1526e9f/yongkang/workspace/_codex/experiments/agent_law_gittaskbench_runs/20260401-open8gpu-fullbench-v4-gpu06/run_manifest.json,mistralai__Mistral-7B-Instruct-v0.2,PyPDF2_01,PyPDF2,failed_before_grading,False,False,,implicit_failed_before_grading,,/mnt/bn/xsc-f1526e9f/yongkang/workspace/external/agent_laws/GitTaskBench/queries/PyPDF2_01/query.json
20260401-open8gpu-fullbench-v4-gpu06,/mnt/bn/xsc-f1526e9f/yongkang/workspace/_codex/experiments/agent_law_gittaskbench_runs/20260401-open8gpu-fullbench-v4-gpu06/run_manifest.json,mistralai__Mistral-7B-Instruct-v0.2,PyPDF2_02,PyPDF2,failed_before_grading,False,False,,implicit_failed_before_grading,,/mnt/bn/xsc-f1526e9f/yongkang/workspace/external/agent_laws/GitTaskBench/queries/PyPDF2_02/query.json
20260401-open8gpu-fullbench-v4-gpu06,/mnt/bn/xsc-f1526e9f/yongkang/workspace/_codex/experiments/agent_law_gittaskbench_runs/20260401-open8gpu-fullbench-v4-gpu06/run_manifest.json,mistralai__Mistral-7B-Instruct-v0.2,PyPDF2_03,PyPDF2,failed_before_grading,False,False,,implicit_failed_before_grading,,/mnt/bn/xsc-f1526e9f/yongkang/workspace/external/agent_laws/GitTaskBench/queries/PyPDF2_03/query.json
20260401-open8gpu-fullbench-v4-gpu06,/mnt/bn/xsc-f1526e9f/yongkang/workspace/_codex/experiments/agent_law_gittaskbench_runs/20260401-open8gpu-fullbench-v4-gpu06/run_manifest.json,mistralai__Mistral-7B-Instruct-v0.2,Scrapy_01,Scrapy,failed_before_grading,False,False,,implicit_failed_before_grading,,/mnt/bn/xsc-f1526e9f/yongkang/workspace/external/agent_laws/GitTaskBench/queries/Scrapy_01/query.json
20260401-open8gpu-fullbench-v4-gpu06,/mnt/bn/xsc-f1526e9f/yongkang/workspace/_codex/experiments/agent_law_gittaskbench_runs/20260401-open8gpu-fullbench-v4-gpu06/run_manifest.json,mistralai__Mistral-7B-Instruct-v0.2,Scrapy_02,Scrapy,failed_before_grading,False,False,,implicit_failed_before_grading,,/mnt/bn/xsc-f1526e9f/yongkang/workspace/external/agent_laws/GitTaskBench/queries/Scrapy_02/query.json
20260401-open8gpu-fullbench-v4-gpu06,/mnt/bn/xsc-f1526e9f/yongkang/workspace/_codex/experiments/agent_law_gittaskbench_runs/20260401-open8gpu-fullbench-v4-gpu06/run_manifest.json,mistralai__Mistral-7B-Instruct-v0.2,Scrapy_03,Scrapy,failed_before_grading,False,False,,implicit_failed_before_grading,,/mnt/bn/xsc-f1526e9f/yongkang/workspace/external/agent_laws/GitTaskBench/queries/Scrapy_03/query.json
20260401-open8gpu-fullbench-v4-gpu06,/mnt/bn/xsc-f1526e9f/yongkang/workspace/_codex/experiments/agent_law_gittaskbench_runs/20260401-open8gpu-fullbench-v4-gpu06/run_manifest.json,mistralai__Mistral-7B-Instruct-v0.2,SpeechBrain_01,SpeechBrain,failed_before_grading,False,False,,implicit_failed_before_grading,,/mnt/bn/xsc-f1526e9f/yongkang/workspace/external/agent_laws/GitTaskBench/queries/SpeechBrain_01/query.json
20260401-open8gpu-fullbench-v4-gpu06,/mnt/bn/xsc-f1526e9f/yongkang/workspace/_codex/experiments/agent_law_gittaskbench_runs/20260401-open8gpu-fullbench-v4-gpu06/run_manifest.json,mistralai__Mistral-7B-Instruct-v0.2,SpeechBrain_02,SpeechBrain,failed_before_grading,False,False,,implicit_failed_before_grading,,/mnt/bn/xsc-f1526e9f/yongkang/workspace/external/agent_laws/GitTaskBench/queries/SpeechBrain_02/query.json
20260401-open8gpu-fullbench-v4-gpu06,/mnt/bn/xsc-f1526e9f/yongkang/workspace/_codex/experiments/agent_law_gittaskbench_runs/20260401-open8gpu-fullbench-v4-gpu06/run_manifest.json,mistralai__Mistral-7B-Instruct-v0.2,SpeechBrain_03,SpeechBrain,failed_before_grading,False,False,,implicit_failed_before_grading,,/mnt/bn/xsc-f1526e9f/yongkang/workspace/external/agent_laws/GitTaskBench/queries/SpeechBrain_03/query.json
20260401-open8gpu-fullbench-v4-gpu06,/mnt/bn/xsc-f1526e9f/yongkang/workspace/_codex/experiments/agent_law_gittaskbench_runs/20260401-open8gpu-fullbench-v4-gpu06/run_manifest.json,mistralai__Mistral-7B-Instruct-v0.2,SpeechBrain_04,SpeechBrain,failed_before_grading,False,False,,implicit_failed_before_grading,,/mnt/bn/xsc-f1526e9f/yongkang/workspace/external/agent_laws/GitTaskBench/queries/SpeechBrain_04/query.json
20260401-open8gpu-fullbench-v4-gpu06,/mnt/bn/xsc-f1526e9f/yongkang/workspace/_codex/experiments/agent_law_gittaskbench_runs/20260401-open8gpu-fullbench-v4-gpu06/run_manifest.json,mistralai__Mistral-7B-Instruct-v0.2,SpeechBrain_05,SpeechBrain,failed_before_grading,False,False,,implicit_failed_before_grading,,/mnt/bn/xsc-f1526e9f/yongkang/workspace/external/agent_laws/GitTaskBench/queries/SpeechBrain_05/query.json
20260401-open8gpu-fullbench-v4-gpu06,/mnt/bn/xsc-f1526e9f/yongkang/workspace/_codex/experiments/agent_law_gittaskbench_runs/20260401-open8gpu-fullbench-v4-gpu06/run_manifest.json,mistralai__Mistral-7B-Instruct-v0.2,Stegano_01,Stegano,failed_before_grading,False,False,,implicit_failed_before_grading,,/mnt/bn/xsc-f1526e9f/yongkang/workspace/external/agent_laws/GitTaskBench/queries/Stegano_01/query.json
20260401-open8gpu-fullbench-v4-gpu06,/mnt/bn/xsc-f1526e9f/yongkang/workspace/_codex/experiments/agent_law_gittaskbench_runs/20260401-open8gpu-fullbench-v4-gpu06/run_manifest.json,mistralai__Mistral-7B-Instruct-v0.2,Stegano_02,Stegano,failed_before_grading,False,False,,implicit_failed_before_grading,,/mnt/bn/xsc-f1526e9f/yongkang/workspace/external/agent_laws/GitTaskBench/queries/Stegano_02/query.json
20260401-open8gpu-fullbench-v4-gpu06,/mnt/bn/xsc-f1526e9f/yongkang/workspace/_codex/experiments/agent_law_gittaskbench_runs/20260401-open8gpu-fullbench-v4-gpu06/run_manifest.json,mistralai__Mistral-7B-Instruct-v0.2,Stegano_03,Stegano,failed_before_grading,False,False,,implicit_failed_before_grading,,/mnt/bn/xsc-f1526e9f/yongkang/workspace/external/agent_laws/GitTaskBench/queries/Stegano_03/query.json
20260401-open8gpu-fullbench-v4-gpu06,/mnt/bn/xsc-f1526e9f/yongkang/workspace/_codex/experiments/agent_law_gittaskbench_runs/20260401-open8gpu-fullbench-v4-gpu06/run_manifest.json,mistralai__Mistral-7B-Instruct-v0.2,StyleTransfer_01,StyleTransfer,failed_before_grading,False,False,,implicit_failed_before_grading,,/mnt/bn/xsc-f1526e9f/yongkang/workspace/external/agent_laws/GitTaskBench/queries/StyleTransfer_01/query.json
20260401-open8gpu-fullbench-v4-gpu06,/mnt/bn/xsc-f1526e9f/yongkang/workspace/_codex/experiments/agent_law_gittaskbench_runs/20260401-open8gpu-fullbench-v4-gpu06/run_manifest.json,mistralai__Mistral-7B-Instruct-v0.2,StyleTransfer_02,StyleTransfer,failed_before_grading,False,False,,implicit_failed_before_grading,,/mnt/bn/xsc-f1526e9f/yongkang/workspace/external/agent_laws/GitTaskBench/queries/StyleTransfer_02/query.json
20260401-open8gpu-fullbench-v4-gpu06,/mnt/bn/xsc-f1526e9f/yongkang/workspace/_codex/experiments/agent_law_gittaskbench_runs/20260401-open8gpu-fullbench-v4-gpu06/run_manifest.json,mistralai__Mistral-7B-Instruct-v0.2,StyleTransfer_03,StyleTransfer,failed_before_grading,False,False,,implicit_failed_before_grading,,/mnt/bn/xsc-f1526e9f/yongkang/workspace/external/agent_laws/GitTaskBench/queries/StyleTransfer_03/query.json
20260401-open8gpu-fullbench-v4-gpu06,/mnt/bn/xsc-f1526e9f/yongkang/workspace/_codex/experiments/agent_law_gittaskbench_runs/20260401-open8gpu-fullbench-v4-gpu06/run_manifest.json,mistralai__Mistral-7B-Instruct-v0.2,SuperResolution_01,SuperResolution,failed_before_grading,False,False,,implicit_failed_before_grading,,/mnt/bn/xsc-f1526e9f/yongkang/workspace/external/agent_laws/GitTaskBench/queries/SuperResolution_01/query.json
20260401-open8gpu-fullbench-v4-gpu06,/mnt/bn/xsc-f1526e9f/yongkang/workspace/_codex/experiments/agent_law_gittaskbench_runs/20260401-open8gpu-fullbench-v4-gpu06/run_manifest.json,mistralai__Mistral-7B-Instruct-v0.2,SuperResolution_02,SuperResolution,failed_before_grading,False,False,,implicit_failed_before_grading,,/mnt/bn/xsc-f1526e9f/yongkang/workspace/external/agent_laws/GitTaskBench/queries/SuperResolution_02/query.json
20260401-open8gpu-fullbench-v4-gpu06,/mnt/bn/xsc-f1526e9f/yongkang/workspace/_codex/experiments/agent_law_gittaskbench_runs/20260401-open8gpu-fullbench-v4-gpu06/run_manifest.json,mistralai__Mistral-7B-Instruct-v0.2,SuperResolution_03,SuperResolution,failed_before_grading,False,False,,implicit_failed_before_grading,,/mnt/bn/xsc-f1526e9f/yongkang/workspace/external/agent_laws/GitTaskBench/queries/SuperResolution_03/query.json
20260401-open8gpu-fullbench-v4-gpu06,/mnt/bn/xsc-f1526e9f/yongkang/workspace/_codex/experiments/agent_law_gittaskbench_runs/20260401-open8gpu-fullbench-v4-gpu06/run_manifest.json,mistralai__Mistral-7B-Instruct-v0.2,Trafilatura_01,Trafilatura,failed_before_grading,False,False,,implicit_failed_before_grading,,/mnt/bn/xsc-f1526e9f/yongkang/workspace/external/agent_laws/GitTaskBench/queries/Trafilatura_01/query.json
20260401-open8gpu-fullbench-v4-gpu06,/mnt/bn/xsc-f1526e9f/yongkang/workspace/_codex/experiments/agent_law_gittaskbench_runs/20260401-open8gpu-fullbench-v4-gpu06/run_manifest.json,mistralai__Mistral-7B-Instruct-v0.2,Trafilatura_02,Trafilatura,failed_before_grading,False,False,,implicit_failed_before_grading,,/mnt/bn/xsc-f1526e9f/yongkang/workspace/external/agent_laws/GitTaskBench/queries/Trafilatura_02/query.json
20260401-open8gpu-fullbench-v4-gpu06,/mnt/bn/xsc-f1526e9f/yongkang/workspace/_codex/experiments/agent_law_gittaskbench_runs/20260401-open8gpu-fullbench-v4-gpu06/run_manifest.json,mistralai__Mistral-7B-Instruct-v0.2,Trafilatura_03,Trafilatura,failed_before_grading,False,False,,implicit_failed_before_grading,,/mnt/bn/xsc-f1526e9f/yongkang/workspace/external/agent_laws/GitTaskBench/queries/Trafilatura_03/query.json
20260401-open8gpu-fullbench-v4-gpu06,/mnt/bn/xsc-f1526e9f/yongkang/workspace/_codex/experiments/agent_law_gittaskbench_runs/20260401-open8gpu-fullbench-v4-gpu06/run_manifest.json,mistralai__Mistral-7B-Instruct-v0.2,TransparentBackground_01,TransparentBackground,failed_before_grading,False,False,,implicit_failed_before_grading,,/mnt/bn/xsc-f1526e9f/yongkang/workspace/external/agent_laws/GitTaskBench/queries/TransparentBackground_01/query.json
20260401-open8gpu-fullbench-v4-gpu06,/mnt/bn/xsc-f1526e9f/yongkang/workspace/_codex/experiments/agent_law_gittaskbench_runs/20260401-open8gpu-fullbench-v4-gpu06/run_manifest.json,mistralai__Mistral-7B-Instruct-v0.2,TransparentBackground_02,TransparentBackground,failed_before_grading,False,False,,implicit_failed_before_grading,,/mnt/bn/xsc-f1526e9f/yongkang/workspace/external/agent_laws/GitTaskBench/queries/TransparentBackground_02/query.json
20260401-open8gpu-fullbench-v4-gpu06,/mnt/bn/xsc-f1526e9f/yongkang/workspace/_codex/experiments/agent_law_gittaskbench_runs/20260401-open8gpu-fullbench-v4-gpu06/run_manifest.json,mistralai__Mistral-7B-Instruct-v0.2,TransparentBackground_03,TransparentBackground,failed_before_grading,False,False,,implicit_failed_before_grading,,/mnt/bn/xsc-f1526e9f/yongkang/workspace/external/agent_laws/GitTaskBench/queries/TransparentBackground_03/query.json
20260401-open8gpu-fullbench-v4-gpu06,/mnt/bn/xsc-f1526e9f/yongkang/workspace/_codex/experiments/agent_law_gittaskbench_runs/20260401-open8gpu-fullbench-v4-gpu06/run_manifest.json,mistralai__Mistral-7B-Instruct-v0.2,VideoPose3D_01,VideoPose3D,failed_before_grading,False,False,,implicit_failed_before_grading,,/mnt/bn/xsc-f1526e9f/yongkang/workspace/external/agent_laws/GitTaskBench/queries/VideoPose3D_01/query.json
20260401-open8gpu-fullbench-v4-gpu07,/mnt/bn/xsc-f1526e9f/yongkang/workspace/_codex/experiments/agent_law_gittaskbench_runs/20260401-open8gpu-fullbench-v4-gpu07/run_manifest.json,mistralai__Mistral-Small-3.1-24B-Instruct-2503,AnimeGANv3_01,AnimeGANv3,failed_before_grading,False,False,,implicit_failed_before_grading,,/mnt/bn/xsc-f1526e9f/yongkang/workspace/external/agent_laws/GitTaskBench/queries/AnimeGANv3_01/query.json
20260401-open8gpu-fullbench-v4-gpu07,/mnt/bn/xsc-f1526e9f/yongkang/workspace/_codex/experiments/agent_law_gittaskbench_runs/20260401-open8gpu-fullbench-v4-gpu07/run_manifest.json,mistralai__Mistral-Small-3.1-24B-Instruct-2503,AnimeGANv3_02,AnimeGANv3,failed_before_grading,False,False,,implicit_failed_before_grading,,/mnt/bn/xsc-f1526e9f/yongkang/workspace/external/agent_laws/GitTaskBench/queries/AnimeGANv3_02/query.json
20260401-open8gpu-fullbench-v4-gpu07,/mnt/bn/xsc-f1526e9f/yongkang/workspace/_codex/experiments/agent_law_gittaskbench_runs/20260401-open8gpu-fullbench-v4-gpu07/run_manifest.json,mistralai__Mistral-Small-3.1-24B-Instruct-2503,AnimeGANv3_03,AnimeGANv3,failed_before_grading,False,False,,implicit_failed_before_grading,,/mnt/bn/xsc-f1526e9f/yongkang/workspace/external/agent_laws/GitTaskBench/queries/AnimeGANv3_03/query.json
20260401-open8gpu-fullbench-v4-gpu07,/mnt/bn/xsc-f1526e9f/yongkang/workspace/_codex/experiments/agent_law_gittaskbench_runs/20260401-open8gpu-fullbench-v4-gpu07/run_manifest.json,mistralai__Mistral-Small-3.1-24B-Instruct-2503,DeOldify_01,DeOldify,failed_before_grading,False,False,,implicit_failed_before_grading,,/mnt/bn/xsc-f1526e9f/yongkang/workspace/external/agent_laws/GitTaskBench/queries/DeOldify_01/query.json
20260401-open8gpu-fullbench-v4-gpu07,/mnt/bn/xsc-f1526e9f/yongkang/workspace/_codex/experiments/agent_law_gittaskbench_runs/20260401-open8gpu-fullbench-v4-gpu07/run_manifest.json,mistralai__Mistral-Small-3.1-24B-Instruct-2503,DeOldify_02,DeOldify,failed_before_grading,False,False,,implicit_failed_before_grading,,/mnt/bn/xsc-f1526e9f/yongkang/workspace/external/agent_laws/GitTaskBench/queries/DeOldify_02/query.json
20260401-open8gpu-fullbench-v4-gpu07,/mnt/bn/xsc-f1526e9f/yongkang/workspace/_codex/experiments/agent_law_gittaskbench_runs/20260401-open8gpu-fullbench-v4-gpu07/run_manifest.json,mistralai__Mistral-Small-3.1-24B-Instruct-2503,DeOldify_03,DeOldify,failed_before_grading,False,False,,implicit_failed_before_grading,,/mnt/bn/xsc-f1526e9f/yongkang/workspace/external/agent_laws/GitTaskBench/queries/DeOldify_03/query.json
20260401-open8gpu-fullbench-v4-gpu07,/mnt/bn/xsc-f1526e9f/yongkang/workspace/_codex/experiments/agent_law_gittaskbench_runs/20260401-open8gpu-fullbench-v4-gpu07/run_manifest.json,mistralai__Mistral-Small-3.1-24B-Instruct-2503,DeScratch_01,DeScratch,failed_before_grading,False,False,,implicit_failed_before_grading,,/mnt/bn/xsc-f1526e9f/yongkang/workspace/external/agent_laws/GitTaskBench/queries/DeScratch_01/query.json
20260401-open8gpu-fullbench-v4-gpu07,/mnt/bn/xsc-f1526e9f/yongkang/workspace/_codex/experiments/agent_law_gittaskbench_runs/20260401-open8gpu-fullbench-v4-gpu07/run_manifest.json,mistralai__Mistral-Small-3.1-24B-Instruct-2503,DeScratch_02,DeScratch,failed_before_grading,False,False,,implicit_failed_before_grading,,/mnt/bn/xsc-f1526e9f/yongkang/workspace/external/agent_laws/GitTaskBench/queries/DeScratch_02/query.json
20260401-open8gpu-fullbench-v4-gpu07,/mnt/bn/xsc-f1526e9f/yongkang/workspace/_codex/experiments/agent_law_gittaskbench_runs/20260401-open8gpu-fullbench-v4-gpu07/run_manifest.json,mistralai__Mistral-Small-3.1-24B-Instruct-2503,DeScratch_03,DeScratch,failed_before_grading,False,False,,implicit_failed_before_grading,,/mnt/bn/xsc-f1526e9f/yongkang/workspace/external/agent_laws/GitTaskBench/queries/DeScratch_03/query.json
20260401-open8gpu-fullbench-v4-gpu07,/mnt/bn/xsc-f1526e9f/yongkang/workspace/_codex/experiments/agent_law_gittaskbench_runs/20260401-open8gpu-fullbench-v4-gpu07/run_manifest.json,mistralai__Mistral-Small-3.1-24B-Instruct-2503,Eparse_01,Eparse,failed_before_grading,False,False,,implicit_failed_before_grading,,/mnt/bn/xsc-f1526e9f/yongkang/workspace/external/agent_laws/GitTaskBench/queries/Eparse_01/query.json
20260401-open8gpu-fullbench-v4-gpu07,/mnt/bn/xsc-f1526e9f/yongkang/workspace/_codex/experiments/agent_law_gittaskbench_runs/20260401-open8gpu-fullbench-v4-gpu07/run_manifest.json,mistralai__Mistral-Small-3.1-24B-Instruct-2503,Eparse_02,Eparse,graded,True,True,✅ Test passed! Content match rate=1.0000 ≥ 0.7. Matched fields: 360/360,grade_summary,/mnt/bn/xsc-f1526e9f/yongkang/workspace/_codex/experiments/agent_law_gittaskbench_runs/20260401-open8gpu-fullbench-v4-gpu07/__mnt__bn__xsc-f1526e9f__yongkang__workspace__.memory_guard_lab__model_store__mistralai__Mistral-Small-3.1-24B-Instruct-2503/Eparse_02/grade/Eparse_02/result.jsonl,/mnt/bn/xsc-f1526e9f/yongkang/workspace/external/agent_laws/GitTaskBench/queries/Eparse_02/query.json
20260401-open8gpu-fullbench-v4-gpu07,/mnt/bn/xsc-f1526e9f/yongkang/workspace/_codex/experiments/agent_law_gittaskbench_runs/20260401-open8gpu-fullbench-v4-gpu07/run_manifest.json,mistralai__Mistral-Small-3.1-24B-Instruct-2503,Eparse_03,Eparse,failed_before_grading,False,False,,implicit_failed_before_grading,,/mnt/bn/xsc-f1526e9f/yongkang/workspace/external/agent_laws/GitTaskBench/queries/Eparse_03/query.json
20260401-open8gpu-fullbench-v4-gpu07,/mnt/bn/xsc-f1526e9f/yongkang/workspace/_codex/experiments/agent_law_gittaskbench_runs/20260401-open8gpu-fullbench-v4-gpu07/run_manifest.json,mistralai__Mistral-Small-3.1-24B-Instruct-2503,Faker_01,Faker,failed_before_grading,False,False,,implicit_failed_before_grading,,/mnt/bn/xsc-f1526e9f/yongkang/workspace/external/agent_laws/GitTaskBench/queries/Faker_01/query.json
20260401-open8gpu-fullbench-v4-gpu07,/mnt/bn/xsc-f1526e9f/yongkang/workspace/_codex/experiments/agent_law_gittaskbench_runs/20260401-open8gpu-fullbench-v4-gpu07/run_manifest.json,mistralai__Mistral-Small-3.1-24B-Instruct-2503,Faker_02,Faker,failed_before_grading,False,False,,implicit_failed_before_grading,,/mnt/bn/xsc-f1526e9f/yongkang/workspace/external/agent_laws/GitTaskBench/queries/Faker_02/query.json
20260401-open8gpu-fullbench-v4-gpu07,/mnt/bn/xsc-f1526e9f/yongkang/workspace/_codex/experiments/agent_law_gittaskbench_runs/20260401-open8gpu-fullbench-v4-gpu07/run_manifest.json,mistralai__Mistral-Small-3.1-24B-Instruct-2503,Faker_03,Faker,failed_before_grading,False,False,,implicit_failed_before_grading,,/mnt/bn/xsc-f1526e9f/yongkang/workspace/external/agent_laws/GitTaskBench/queries/Faker_03/query.json
20260401-open8gpu-fullbench-v4-gpu07,/mnt/bn/xsc-f1526e9f/yongkang/workspace/_codex/experiments/agent_law_gittaskbench_runs/20260401-open8gpu-fullbench-v4-gpu07/run_manifest.json,mistralai__Mistral-Small-3.1-24B-Instruct-2503,FunASR_01,FunASR,failed_before_grading,False,False,,implicit_failed_before_grading,,/mnt/bn/xsc-f1526e9f/yongkang/workspace/external/agent_laws/GitTaskBench/queries/FunASR_01/query.json
20260401-open8gpu-fullbench-v4-gpu07,/mnt/bn/xsc-f1526e9f/yongkang/workspace/_codex/experiments/agent_law_gittaskbench_runs/20260401-open8gpu-fullbench-v4-gpu07/run_manifest.json,mistralai__Mistral-Small-3.1-24B-Instruct-2503,FunASR_02,FunASR,failed_before_grading,False,False,,implicit_failed_before_grading,,/mnt/bn/xsc-f1526e9f/yongkang/workspace/external/agent_laws/GitTaskBench/queries/FunASR_02/query.json
20260401-open8gpu-fullbench-v4-gpu07,/mnt/bn/xsc-f1526e9f/yongkang/workspace/_codex/experiments/agent_law_gittaskbench_runs/20260401-open8gpu-fullbench-v4-gpu07/run_manifest.json,mistralai__Mistral-Small-3.1-24B-Instruct-2503,FunASR_03,FunASR,failed_before_grading,False,False,,implicit_failed_before_grading,,/mnt/bn/xsc-f1526e9f/yongkang/workspace/external/agent_laws/GitTaskBench/queries/FunASR_03/query.json
20260401-open8gpu-fullbench-v4-gpu07,/mnt/bn/xsc-f1526e9f/yongkang/workspace/_codex/experiments/agent_law_gittaskbench_runs/20260401-open8gpu-fullbench-v4-gpu07/run_manifest.json,mistralai__Mistral-Small-3.1-24B-Instruct-2503,InvisibleWatermark_01,InvisibleWatermark,failed_before_grading,False,False,,implicit_failed_before_grading,,/mnt/bn/xsc-f1526e9f/yongkang/workspace/external/agent_laws/GitTaskBench/queries/InvisibleWatermark_01/query.json
20260401-open8gpu-fullbench-v4-gpu07,/mnt/bn/xsc-f1526e9f/yongkang/workspace/_codex/experiments/agent_law_gittaskbench_runs/20260401-open8gpu-fullbench-v4-gpu07/run_manifest.json,mistralai__Mistral-Small-3.1-24B-Instruct-2503,InvisibleWatermark_02,InvisibleWatermark,failed_before_grading,False,False,,implicit_failed_before_grading,,/mnt/bn/xsc-f1526e9f/yongkang/workspace/external/agent_laws/GitTaskBench/queries/InvisibleWatermark_02/query.json
20260401-open8gpu-fullbench-v4-gpu07,/mnt/bn/xsc-f1526e9f/yongkang/workspace/_codex/experiments/agent_law_gittaskbench_runs/20260401-open8gpu-fullbench-v4-gpu07/run_manifest.json,mistralai__Mistral-Small-3.1-24B-Instruct-2503,InvisibleWatermark_03,InvisibleWatermark,failed_before_grading,False,False,,implicit_failed_before_grading,,/mnt/bn/xsc-f1526e9f/yongkang/workspace/external/agent_laws/GitTaskBench/queries/InvisibleWatermark_03/query.json
20260401-open8gpu-fullbench-v4-gpu07,/mnt/bn/xsc-f1526e9f/yongkang/workspace/_codex/experiments/agent_law_gittaskbench_runs/20260401-open8gpu-fullbench-v4-gpu07/run_manifest.json,mistralai__Mistral-Small-3.1-24B-Instruct-2503,NeuroKit_01,NeuroKit,failed_before_grading,False,False,,implicit_failed_before_grading,,/mnt/bn/xsc-f1526e9f/yongkang/workspace/external/agent_laws/GitTaskBench/queries/NeuroKit_01/query.json
20260401-open8gpu-fullbench-v4-gpu07,/mnt/bn/xsc-f1526e9f/yongkang/workspace/_codex/experiments/agent_law_gittaskbench_runs/20260401-open8gpu-fullbench-v4-gpu07/run_manifest.json,mistralai__Mistral-Small-3.1-24B-Instruct-2503,NeuroKit_02,NeuroKit,failed_before_grading,False,False,,implicit_failed_before_grading,,/mnt/bn/xsc-f1526e9f/yongkang/workspace/external/agent_laws/GitTaskBench/queries/NeuroKit_02/query.json
20260401-open8gpu-fullbench-v4-gpu07,/mnt/bn/xsc-f1526e9f/yongkang/workspace/_codex/experiments/agent_law_gittaskbench_runs/20260401-open8gpu-fullbench-v4-gpu07/run_manifest.json,mistralai__Mistral-Small-3.1-24B-Instruct-2503,NeuroKit_03,NeuroKit,failed_before_grading,False,False,,implicit_failed_before_grading,,/mnt/bn/xsc-f1526e9f/yongkang/workspace/external/agent_laws/GitTaskBench/queries/NeuroKit_03/query.json
20260401-open8gpu-fullbench-v4-gpu07,/mnt/bn/xsc-f1526e9f/yongkang/workspace/_codex/experiments/agent_law_gittaskbench_runs/20260401-open8gpu-fullbench-v4-gpu07/run_manifest.json,mistralai__Mistral-Small-3.1-24B-Instruct-2503,PDFPlumber_01,PDFPlumber,failed_before_grading,False,False,,implicit_failed_before_grading,,/mnt/bn/xsc-f1526e9f/yongkang/workspace/external/agent_laws/GitTaskBench/queries/PDFPlumber_01/query.json
20260401-open8gpu-fullbench-v4-gpu07,/mnt/bn/xsc-f1526e9f/yongkang/workspace/_codex/experiments/agent_law_gittaskbench_runs/20260401-open8gpu-fullbench-v4-gpu07/run_manifest.json,mistralai__Mistral-Small-3.1-24B-Instruct-2503,PDFPlumber_02,PDFPlumber,failed_before_grading,False,False,,implicit_failed_before_grading,,/mnt/bn/xsc-f1526e9f/yongkang/workspace/external/agent_laws/GitTaskBench/queries/PDFPlumber_02/query.json
20260401-open8gpu-fullbench-v4-gpu07,/mnt/bn/xsc-f1526e9f/yongkang/workspace/_codex/experiments/agent_law_gittaskbench_runs/20260401-open8gpu-fullbench-v4-gpu07/run_manifest.json,mistralai__Mistral-Small-3.1-24B-Instruct-2503,PDFPlumber_03,PDFPlumber,failed_before_grading,False,False,,implicit_failed_before_grading,,/mnt/bn/xsc-f1526e9f/yongkang/workspace/external/agent_laws/GitTaskBench/queries/PDFPlumber_03/query.json
20260401-open8gpu-fullbench-v4-gpu07,/mnt/bn/xsc-f1526e9f/yongkang/workspace/_codex/experiments/agent_law_gittaskbench_runs/20260401-open8gpu-fullbench-v4-gpu07/run_manifest.json,mistralai__Mistral-Small-3.1-24B-Instruct-2503,PyPDF2_01,PyPDF2,failed_before_grading,False,False,,implicit_failed_before_grading,,/mnt/bn/xsc-f1526e9f/yongkang/workspace/external/agent_laws/GitTaskBench/queries/PyPDF2_01/query.json
20260401-open8gpu-fullbench-v4-gpu07,/mnt/bn/xsc-f1526e9f/yongkang/workspace/_codex/experiments/agent_law_gittaskbench_runs/20260401-open8gpu-fullbench-v4-gpu07/run_manifest.json,mistralai__Mistral-Small-3.1-24B-Instruct-2503,PyPDF2_02,PyPDF2,grade_failed_retrying,False,False,,implicit_failed_before_grading,/mnt/bn/xsc-f1526e9f/yongkang/workspace/_codex/experiments/agent_law_gittaskbench_runs/20260401-open8gpu-fullbench-v4-gpu07/__mnt__bn__xsc-f1526e9f__yongkang__workspace__.memory_guard_lab__model_store__mistralai__Mistral-Small-3.1-24B-Instruct-2503/PyPDF2_02/grade/PyPDF2_02/result.jsonl,/mnt/bn/xsc-f1526e9f/yongkang/workspace/external/agent_laws/GitTaskBench/queries/PyPDF2_02/query.json
20260401-open8gpu-fullbench-v4-gpu07,/mnt/bn/xsc-f1526e9f/yongkang/workspace/_codex/experiments/agent_law_gittaskbench_runs/20260401-open8gpu-fullbench-v4-gpu07/run_manifest.json,mistralai__Mistral-Small-3.1-24B-Instruct-2503,PyPDF2_03,PyPDF2,failed_before_grading,False,False,,implicit_failed_before_grading,,/mnt/bn/xsc-f1526e9f/yongkang/workspace/external/agent_laws/GitTaskBench/queries/PyPDF2_03/query.json
20260401-open8gpu-fullbench-v4-gpu07,/mnt/bn/xsc-f1526e9f/yongkang/workspace/_codex/experiments/agent_law_gittaskbench_runs/20260401-open8gpu-fullbench-v4-gpu07/run_manifest.json,mistralai__Mistral-Small-3.1-24B-Instruct-2503,Scrapy_01,Scrapy,failed_before_grading,False,False,,implicit_failed_before_grading,,/mnt/bn/xsc-f1526e9f/yongkang/workspace/external/agent_laws/GitTaskBench/queries/Scrapy_01/query.json
20260401-open8gpu-fullbench-v4-gpu07,/mnt/bn/xsc-f1526e9f/yongkang/workspace/_codex/experiments/agent_law_gittaskbench_runs/20260401-open8gpu-fullbench-v4-gpu07/run_manifest.json,mistralai__Mistral-Small-3.1-24B-Instruct-2503,Scrapy_02,Scrapy,failed_before_grading,False,False,,implicit_failed_before_grading,,/mnt/bn/xsc-f1526e9f/yongkang/workspace/external/agent_laws/GitTaskBench/queries/Scrapy_02/query.json
20260401-open8gpu-fullbench-v4-gpu07,/mnt/bn/xsc-f1526e9f/yongkang/workspace/_codex/experiments/agent_law_gittaskbench_runs/20260401-open8gpu-fullbench-v4-gpu07/run_manifest.json,mistralai__Mistral-Small-3.1-24B-Instruct-2503,Scrapy_03,Scrapy,failed_before_grading,False,False,,implicit_failed_before_grading,,/mnt/bn/xsc-f1526e9f/yongkang/workspace/external/agent_laws/GitTaskBench/queries/Scrapy_03/query.json
20260401-open8gpu-fullbench-v4-gpu07,/mnt/bn/xsc-f1526e9f/yongkang/workspace/_codex/experiments/agent_law_gittaskbench_runs/20260401-open8gpu-fullbench-v4-gpu07/run_manifest.json,mistralai__Mistral-Small-3.1-24B-Instruct-2503,SpeechBrain_01,SpeechBrain,failed_before_grading,False,False,,implicit_failed_before_grading,,/mnt/bn/xsc-f1526e9f/yongkang/workspace/external/agent_laws/GitTaskBench/queries/SpeechBrain_01/query.json
20260401-open8gpu-fullbench-v4-gpu07,/mnt/bn/xsc-f1526e9f/yongkang/workspace/_codex/experiments/agent_law_gittaskbench_runs/20260401-open8gpu-fullbench-v4-gpu07/run_manifest.json,mistralai__Mistral-Small-3.1-24B-Instruct-2503,SpeechBrain_02,SpeechBrain,failed_before_grading,False,False,,implicit_failed_before_grading,,/mnt/bn/xsc-f1526e9f/yongkang/workspace/external/agent_laws/GitTaskBench/queries/SpeechBrain_02/query.json
20260401-open8gpu-fullbench-v4-gpu07,/mnt/bn/xsc-f1526e9f/yongkang/workspace/_codex/experiments/agent_law_gittaskbench_runs/20260401-open8gpu-fullbench-v4-gpu07/run_manifest.json,mistralai__Mistral-Small-3.1-24B-Instruct-2503,SpeechBrain_03,SpeechBrain,failed_before_grading,False,False,,implicit_failed_before_grading,,/mnt/bn/xsc-f1526e9f/yongkang/workspace/external/agent_laws/GitTaskBench/queries/SpeechBrain_03/query.json
20260401-open8gpu-fullbench-v4-gpu07,/mnt/bn/xsc-f1526e9f/yongkang/workspace/_codex/experiments/agent_law_gittaskbench_runs/20260401-open8gpu-fullbench-v4-gpu07/run_manifest.json,mistralai__Mistral-Small-3.1-24B-Instruct-2503,SpeechBrain_04,SpeechBrain,failed_before_grading,False,False,,implicit_failed_before_grading,,/mnt/bn/xsc-f1526e9f/yongkang/workspace/external/agent_laws/GitTaskBench/queries/SpeechBrain_04/query.json
20260401-open8gpu-fullbench-v4-gpu07,/mnt/bn/xsc-f1526e9f/yongkang/workspace/_codex/experiments/agent_law_gittaskbench_runs/20260401-open8gpu-fullbench-v4-gpu07/run_manifest.json,mistralai__Mistral-Small-3.1-24B-Instruct-2503,SpeechBrain_05,SpeechBrain,failed_before_grading,False,False,,implicit_failed_before_grading,,/mnt/bn/xsc-f1526e9f/yongkang/workspace/external/agent_laws/GitTaskBench/queries/SpeechBrain_05/query.json
20260401-open8gpu-fullbench-v4-gpu07,/mnt/bn/xsc-f1526e9f/yongkang/workspace/_codex/experiments/agent_law_gittaskbench_runs/20260401-open8gpu-fullbench-v4-gpu07/run_manifest.json,mistralai__Mistral-Small-3.1-24B-Instruct-2503,Stegano_01,Stegano,failed_before_grading,False,False,,implicit_failed_before_grading,,/mnt/bn/xsc-f1526e9f/yongkang/workspace/external/agent_laws/GitTaskBench/queries/Stegano_01/query.json
20260401-open8gpu-fullbench-v4-gpu07,/mnt/bn/xsc-f1526e9f/yongkang/workspace/_codex/experiments/agent_law_gittaskbench_runs/20260401-open8gpu-fullbench-v4-gpu07/run_manifest.json,mistralai__Mistral-Small-3.1-24B-Instruct-2503,Stegano_02,Stegano,failed_before_grading,False,False,,implicit_failed_before_grading,,/mnt/bn/xsc-f1526e9f/yongkang/workspace/external/agent_laws/GitTaskBench/queries/Stegano_02/query.json
20260401-open8gpu-fullbench-v4-gpu07,/mnt/bn/xsc-f1526e9f/yongkang/workspace/_codex/experiments/agent_law_gittaskbench_runs/20260401-open8gpu-fullbench-v4-gpu07/run_manifest.json,mistralai__Mistral-Small-3.1-24B-Instruct-2503,Stegano_03,Stegano,failed_before_grading,False,False,,implicit_failed_before_grading,,/mnt/bn/xsc-f1526e9f/yongkang/workspace/external/agent_laws/GitTaskBench/queries/Stegano_03/query.json
20260401-open8gpu-fullbench-v4-gpu07,/mnt/bn/xsc-f1526e9f/yongkang/workspace/_codex/experiments/agent_law_gittaskbench_runs/20260401-open8gpu-fullbench-v4-gpu07/run_manifest.json,mistralai__Mistral-Small-3.1-24B-Instruct-2503,StyleTransfer_01,StyleTransfer,failed_before_grading,False,False,,implicit_failed_before_grading,,/mnt/bn/xsc-f1526e9f/yongkang/workspace/external/agent_laws/GitTaskBench/queries/StyleTransfer_01/query.json
20260401-open8gpu-fullbench-v4-gpu07,/mnt/bn/xsc-f1526e9f/yongkang/workspace/_codex/experiments/agent_law_gittaskbench_runs/20260401-open8gpu-fullbench-v4-gpu07/run_manifest.json,mistralai__Mistral-Small-3.1-24B-Instruct-2503,StyleTransfer_02,StyleTransfer,failed_before_grading,False,False,,implicit_failed_before_grading,,/mnt/bn/xsc-f1526e9f/yongkang/workspace/external/agent_laws/GitTaskBench/queries/StyleTransfer_02/query.json
20260401-open8gpu-fullbench-v4-gpu07,/mnt/bn/xsc-f1526e9f/yongkang/workspace/_codex/experiments/agent_law_gittaskbench_runs/20260401-open8gpu-fullbench-v4-gpu07/run_manifest.json,mistralai__Mistral-Small-3.1-24B-Instruct-2503,StyleTransfer_03,StyleTransfer,failed_before_grading,False,False,,implicit_failed_before_grading,,/mnt/bn/xsc-f1526e9f/yongkang/workspace/external/agent_laws/GitTaskBench/queries/StyleTransfer_03/query.json
20260401-open8gpu-fullbench-v4-gpu07,/mnt/bn/xsc-f1526e9f/yongkang/workspace/_codex/experiments/agent_law_gittaskbench_runs/20260401-open8gpu-fullbench-v4-gpu07/run_manifest.json,mistralai__Mistral-Small-3.1-24B-Instruct-2503,SuperResolution_01,SuperResolution,failed_before_grading,False,False,,implicit_failed_before_grading,,/mnt/bn/xsc-f1526e9f/yongkang/workspace/external/agent_laws/GitTaskBench/queries/SuperResolution_01/query.json
20260401-open8gpu-fullbench-v4-gpu07,/mnt/bn/xsc-f1526e9f/yongkang/workspace/_codex/experiments/agent_law_gittaskbench_runs/20260401-open8gpu-fullbench-v4-gpu07/run_manifest.json,mistralai__Mistral-Small-3.1-24B-Instruct-2503,SuperResolution_02,SuperResolution,failed_before_grading,False,False,,implicit_failed_before_grading,,/mnt/bn/xsc-f1526e9f/yongkang/workspace/external/agent_laws/GitTaskBench/queries/SuperResolution_02/query.json
20260401-open8gpu-fullbench-v4-gpu07,/mnt/bn/xsc-f1526e9f/yongkang/workspace/_codex/experiments/agent_law_gittaskbench_runs/20260401-open8gpu-fullbench-v4-gpu07/run_manifest.json,mistralai__Mistral-Small-3.1-24B-Instruct-2503,SuperResolution_03,SuperResolution,failed_before_grading,False,False,,implicit_failed_before_grading,,/mnt/bn/xsc-f1526e9f/yongkang/workspace/external/agent_laws/GitTaskBench/queries/SuperResolution_03/query.json
20260401-open8gpu-fullbench-v4-gpu07,/mnt/bn/xsc-f1526e9f/yongkang/workspace/_codex/experiments/agent_law_gittaskbench_runs/20260401-open8gpu-fullbench-v4-gpu07/run_manifest.json,mistralai__Mistral-Small-3.1-24B-Instruct-2503,Trafilatura_01,Trafilatura,failed_before_grading,False,False,,implicit_failed_before_grading,,/mnt/bn/xsc-f1526e9f/yongkang/workspace/external/agent_laws/GitTaskBench/queries/Trafilatura_01/query.json
20260401-open8gpu-fullbench-v4-gpu07,/mnt/bn/xsc-f1526e9f/yongkang/workspace/_codex/experiments/agent_law_gittaskbench_runs/20260401-open8gpu-fullbench-v4-gpu07/run_manifest.json,mistralai__Mistral-Small-3.1-24B-Instruct-2503,Trafilatura_02,Trafilatura,grade_failed_retrying,False,False,,implicit_failed_before_grading,/mnt/bn/xsc-f1526e9f/yongkang/workspace/_codex/experiments/agent_law_gittaskbench_runs/20260401-open8gpu-fullbench-v4-gpu07/__mnt__bn__xsc-f1526e9f__yongkang__workspace__.memory_guard_lab__model_store__mistralai__Mistral-Small-3.1-24B-Instruct-2503/Trafilatura_02/grade/Trafilatura_02/result.jsonl,/mnt/bn/xsc-f1526e9f/yongkang/workspace/external/agent_laws/GitTaskBench/queries/Trafilatura_02/query.json
20260401-open8gpu-fullbench-v4-gpu07,/mnt/bn/xsc-f1526e9f/yongkang/workspace/_codex/experiments/agent_law_gittaskbench_runs/20260401-open8gpu-fullbench-v4-gpu07/run_manifest.json,mistralai__Mistral-Small-3.1-24B-Instruct-2503,Trafilatura_03,Trafilatura,graded,True,True,🔍 Precision: 1.0000 | Recall: 0.5897 —— ✅ Passed,grade_summary,/mnt/bn/xsc-f1526e9f/yongkang/workspace/_codex/experiments/agent_law_gittaskbench_runs/20260401-open8gpu-fullbench-v4-gpu07/__mnt__bn__xsc-f1526e9f__yongkang__workspace__.memory_guard_lab__model_store__mistralai__Mistral-Small-3.1-24B-Instruct-2503/Trafilatura_03/grade/Trafilatura_03/result.jsonl,/mnt/bn/xsc-f1526e9f/yongkang/workspace/external/agent_laws/GitTaskBench/queries/Trafilatura_03/query.json
20260401-open8gpu-fullbench-v4-gpu07,/mnt/bn/xsc-f1526e9f/yongkang/workspace/_codex/experiments/agent_law_gittaskbench_runs/20260401-open8gpu-fullbench-v4-gpu07/run_manifest.json,mistralai__Mistral-Small-3.1-24B-Instruct-2503,TransparentBackground_01,TransparentBackground,failed_before_grading,False,False,,implicit_failed_before_grading,,/mnt/bn/xsc-f1526e9f/yongkang/workspace/external/agent_laws/GitTaskBench/queries/TransparentBackground_01/query.json
20260401-open8gpu-fullbench-v4-gpu07,/mnt/bn/xsc-f1526e9f/yongkang/workspace/_codex/experiments/agent_law_gittaskbench_runs/20260401-open8gpu-fullbench-v4-gpu07/run_manifest.json,mistralai__Mistral-Small-3.1-24B-Instruct-2503,TransparentBackground_02,TransparentBackground,failed_before_grading,False,False,,implicit_failed_before_grading,,/mnt/bn/xsc-f1526e9f/yongkang/workspace/external/agent_laws/GitTaskBench/queries/TransparentBackground_02/query.json
20260401-open8gpu-fullbench-v4-gpu07,/mnt/bn/xsc-f1526e9f/yongkang/workspace/_codex/experiments/agent_law_gittaskbench_runs/20260401-open8gpu-fullbench-v4-gpu07/run_manifest.json,mistralai__Mistral-Small-3.1-24B-Instruct-2503,TransparentBackground_03,TransparentBackground,failed_before_grading,False,False,,implicit_failed_before_grading,,/mnt/bn/xsc-f1526e9f/yongkang/workspace/external/agent_laws/GitTaskBench/queries/TransparentBackground_03/query.json
20260401-open8gpu-fullbench-v4-gpu07,/mnt/bn/xsc-f1526e9f/yongkang/workspace/_codex/experiments/agent_law_gittaskbench_runs/20260401-open8gpu-fullbench-v4-gpu07/run_manifest.json,mistralai__Mistral-Small-3.1-24B-Instruct-2503,VideoPose3D_01,VideoPose3D,failed_before_grading,False,False,,implicit_failed_before_grading,,/mnt/bn/xsc-f1526e9f/yongkang/workspace/external/agent_laws/GitTaskBench/queries/VideoPose3D_01/query.json
